year,round,draw_date,1st_winners,1st_prize,2nd_winners,2nd_prize,3rd_winners,3rd_prize,4th_winners,4th_prize,5th_winners,5th_prize,num1,num2,num3,num4,num5,num6,bonus
2025,1187,2025.08.30,11,"2,619,380,012원",79,"60,787,300원","3,147","1,525,961원","152,448","50,000원","2,557,090","5,000원",5,13,26,29,37,40,42
2025,1186,2025.08.23,14,"1,985,676,911원",89,"52,058,946원","3,226","1,436,221원","162,707","50,000원","2,628,810","5,000원",2,8,13,16,23,28,35
2025,1185,2025.08.16,12,"2,388,695,125원",79,"60,473,295원","2,903","1,645,674원","153,798","50,000원","2,566,276","5,000원",6,17,22,28,29,32,38
2025,1184,2025.08.09,15,"1,910,655,600원",95,"50,280,411원","3,115","1,533,432원","155,556","50,000원","2,576,710","5,000원",14,16,23,25,31,37,42
2025,1183,2025.08.02,13,"2,073,966,000원",92,"48,843,403원","3,623","1,240,297원","169,030","50,000원","2,680,548","5,000원",4,15,17,23,27,36,31
2025,1182,2025.07.26,13,"2,124,785,424원",79,"58,274,706원","3,015","1,526,933원","156,025","50,000원","2,616,958","5,000원",1,13,21,25,28,31,22
2025,1181,2025.07.19,17,"1,593,643,500원",86,"52,503,759원","3,109","1,452,340원","155,938","50,000원","2,596,371","5,000원",8,10,14,20,33,41,28
2025,1180,2025.07.12,11,"2,535,566,421원",72,"64,563,034원","3,010","1,544,365원","153,274","50,000원","2,567,395","5,000원",6,12,18,37,40,41,3
2025,1179,2025.07.05,13,"2,162,821,097원",63,"74,382,737원","2,989","1,567,787원","148,832","50,000원","2,516,368","5,000원",3,16,18,24,40,44,21
2025,1178,2025.06.28,12,"2,391,608,407원",89,"53,744,010원","3,061","1,562,633원","157,044","50,000원","2,653,841","5,000원",5,6,11,27,43,44,17
2025,1177,2025.06.21,6,"4,576,672,000원",75,"61,022,294원","3,111","1,471,126원","157,438","50,000원","2,644,128","5,000원",3,7,15,16,19,43,21
2025,1176,2025.06.14,13,"2,052,166,154원",89,"49,959,102원","3,533","1,258,523원","171,545","50,000원","2,746,919","5,000원",7,9,11,21,30,35,29
2025,1175,2025.06.07,20,"1,384,026,094원",92,"50,145,873원","3,178","1,451,675원","164,364","50,000원","2,723,718","5,000원",3,4,6,8,32,42,31
2025,1174,2025.05.31,15,"1,910,619,425원",85,"56,194,689원","3,196","1,494,540원","158,944","50,000원","2,670,129","5,000원",8,11,14,17,36,39,22
2025,1173,2025.05.24,24,"1,179,946,063원",94,"50,210,471원","3,139","1,503,595원","163,678","50,000원","2,689,832","5,000원",1,5,18,20,30,35,3
2025,1172,2025.05.17,13,"2,203,004,452원",98,"48,705,881원","3,059","1,560,372원","152,897","50,000원","2,590,472","5,000원",7,9,24,40,42,44,45
2025,1171,2025.05.10,21,"1,128,345,286원",148,"26,683,842원","5,317","742,752원","211,503","50,000원","3,094,806","5,000원",3,6,7,11,12,17,19
2025,1170,2025.05.03,20,"1,386,550,969원",103,"44,872,200원","5,668","815,427원","163,866","50,000원","2,637,401","5,000원",3,13,28,34,38,42,25
2025,1169,2025.04.26,10,"2,852,735,813원",112,"42,451,426원","3,244","1,465,648원","160,483","50,000원","2,668,194","5,000원",5,12,24,26,39,42,20
2025,1168,2025.04.19,13,"2,136,635,914원",74,"62,559,160원","3,514","1,317,410원","166,163","50,000원","2,712,545","5,000원",9,21,24,30,33,37,29
2025,1167,2025.04.12,10,"2,884,087,913원",69,"69,663,960원","2,942","1,633,859원","157,094","50,000원","2,614,372","5,000원",8,23,31,35,39,40,24
2025,1166,2025.04.05,14,"2,072,319,938원",80,"60,442,665원","2,803","1,725,085원","147,837","50,000원","2,456,735","5,000원",14,23,25,27,29,42,16
2025,1165,2025.03.29,13,"2,192,485,270원",91,"52,202,031원","3,173","1,497,128원","158,014","50,000원","2,630,455","5,000원",6,7,27,29,38,45,17
2025,1164,2025.03.22,13,"2,193,092,164원",76,"62,522,365원","3,470","1,369,366원","170,045","50,000원","2,807,095","5,000원",17,18,23,25,38,39,22
2025,1163,2025.03.15,15,"1,936,891,150원",75,"64,563,039원","3,386","1,430,074원","168,204","50,000원","2,795,027","5,000원",2,13,15,16,33,43,4
2025,1162,2025.03.08,36,"823,931,021원",78,"63,379,310원","4,752","1,040,317원","160,953","50,000원","2,538,565","5,000원",20,21,22,25,28,29,6
2025,1161,2025.03.01,16,"1,792,657,969원",117,"40,858,302원","4,107","1,163,970원","181,457","50,000원","2,859,815","5,000원",2,12,20,24,34,42,37
2025,1160,2025.02.22,12,"2,509,359,875원",84,"59,746,664원","3,176","1,580,202원","160,611","50,000원","2,681,692","5,000원",7,13,18,36,39,45,19
2025,1159,2025.02.15,23,"1,284,854,250원",110,"44,775,224원","3,742","1,316,215원","177,373","50,000원","2,826,061","5,000원",3,9,27,28,38,39,7
2025,1158,2025.02.08,21,"1,394,358,197원",86,"56,747,136원","3,032","1,609,583원","155,209","50,000원","2,610,120","5,000원",21,25,27,32,37,38,20
2025,1157,2025.02.01,12,"2,257,842,157원",141,"32,026,130원","4,549","992,677원","201,847","50,000원","3,100,779","5,000원",5,7,12,20,25,26,28
2025,1156,2025.01.25,21,"1,505,207,090원",73,"72,167,464원","3,494","1,507,792원","162,883","50,000원","2,706,409","5,000원",30,31,34,39,41,45,7
2025,1155,2025.01.18,7,"4,066,375,179원",78,"60,821,851원","3,171","1,496,091원","160,366","50,000원","2,654,046","5,000원",10,16,19,27,37,38,13
2025,1154,2025.01.11,15,"1,854,965,425원",62,"74,796,993원","3,190","1,453,735원","154,785","50,000원","2,559,114","5,000원",4,8,22,26,32,38,27
2025,1153,2025.01.04,15,"2,027,312,925원",79,"64,155,473원","3,506","1,445,603원","167,692","50,000원","2,848,165","5,000원",1,9,10,13,35,44,5
2024,1152,2024.12.28,35,"874,349,668원",79,"64,561,685원","3,354","1,520,684원","146,890","50,000원","2,440,804","5,000원",30,31,32,35,36,37,5
2024,1151,2024.12.21,17,"1,620,503,030원",102,"45,013,974원","3,351","1,370,166원","163,055","50,000원","2,635,014","5,000원",2,3,9,15,27,29,8
2024,1150,2024.12.14,17,"1,570,620,309원",226,"19,690,668원","3,413","1,303,865원","166,846","50,000원","2,626,598","5,000원",8,9,18,35,39,45,25
2024,1149,2024.12.07,17,"1,613,380,765원",74,"61,773,588원","2,924","1,563,354원","145,209","50,000원","2,448,589","5,000원",8,15,19,21,32,36,38
2024,1148,2024.11.30,13,"2,073,332,308원",97,"46,311,547원","3,082","1,457,567원","154,963","50,000원","2,581,682","5,000원",3,6,13,15,16,22,32
2024,1147,2024.11.23,8,"3,323,422,079원",83,"53,388,307원","3,588","1,235,014원","173,036","50,000원","2,750,379","5,000원",7,11,24,26,27,37,32
2024,1146,2024.11.16,11,"2,526,476,353원",72,"64,331,574원","3,030","1,528,672원","158,146","50,000원","2,677,017","5,000원",6,11,17,19,40,43,28
2024,1145,2024.11.09,9,"3,051,630,084원",63,"72,657,860원","3,312","1,382,079원","164,055","50,000원","2,647,054","5,000원",2,11,31,33,37,44,32
2024,1144,2024.11.02,18,"1,489,347,375원",94,"47,532,364원","3,626","1,232,224원","172,239","50,000원","2,766,594","5,000원",3,4,12,15,26,34,6
2024,1143,2024.10.26,11,"2,545,657,023원",90,"51,855,977원","3,154","1,479,721원","156,400","50,000원","2,612,029","5,000원",10,16,17,27,28,36,6
2024,1142,2024.10.19,9,"3,117,517,709원",67,"69,795,173원","2,841","1,645,997원","146,936","50,000원","2,474,033","5,000원",2,8,28,30,37,41,22
2024,1141,2024.10.12,11,"2,457,758,285원",100,"45,058,902원","3,371","1,336,663원","165,233","50,000원","2,718,563","5,000원",7,11,12,21,26,35,20
2024,1140,2024.10.05,12,"2,279,823,938원",83,"54,935,517원","3,345","1,363,124원","158,343","50,000원","2,644,989","5,000원",7,10,22,29,31,38,15
2024,1139,2024.09.28,13,"2,167,490,972원",75,"62,616,406원","3,240","1,449,454원","163,236","50,000원","2,645,260","5,000원",5,12,15,30,37,40,18
2024,1138,2024.09.21,14,"1,902,656,786원",50,"88,790,650원","2,865","1,549,576원","145,690","50,000원","2,404,999","5,000원",14,16,19,20,29,34,35
2024,1137,2024.09.14,14,"2,023,447,688원",111,"42,534,937원","3,323","1,420,818원","163,296","50,000원","2,737,836","5,000원",4,9,12,15,33,45,26
2024,1136,2024.09.07,12,"2,314,468,157원",75,"61,719,151원","2,906","1,592,890원","144,451","50,000원","2,452,383","5,000원",21,33,35,38,42,44,1
2024,1135,2024.08.31,9,"2,953,726,125원",91,"48,687,794원","3,417","1,296,632원","163,808","50,000원","2,654,691","5,000원",1,6,13,19,21,33,4
2024,1134,2024.08.24,14,"1,755,689,384원",97,"42,233,078원","3,961","1,034,236원","180,353","50,000원","2,807,905","5,000원",3,7,9,13,19,24,23
2024,1133,2024.08.17,13,"2,105,079,491원",73,"62,479,529원","2,737","1,666,426원","143,047","50,000원","2,393,005","5,000원",13,14,20,28,29,34,23
2024,1132,2024.08.10,11,"2,404,951,807원",73,"60,398,334원","3,086","1,428,736원","148,359","50,000원","2,463,697","5,000원",6,7,19,28,34,41,5
2024,1131,2024.08.03,17,"1,542,367,898원",56,"78,036,471원","2,861","1,527,453원","144,842","50,000원","2,471,592","5,000원",1,2,6,14,27,38,33
2024,1130,2024.07.27,12,"2,263,301,219원",69,"65,602,934원","2,900","1,560,898원","137,397","50,000원","2,334,975","5,000원",15,19,21,25,27,28,40
2024,1129,2024.07.20,11,"2,369,567,660원",107,"40,600,069원","3,142","1,382,625원","154,322","50,000원","2,542,398","5,000원",5,10,11,17,28,34,22
2024,1128,2024.07.13,63,"419,925,560원",77,"57,262,577원","2,987","1,476,137원","153,592","50,000원","2,545,750","5,000원",1,5,8,16,28,33,45
2024,1127,2024.07.06,12,"2,267,891,969원",84,"53,997,428원","3,007","1,508,409원","145,646","50,000원","2,443,423","5,000원",10,15,24,30,31,37,32
2024,1126,2024.06.29,11,"2,386,382,421원",91,"48,077,302원","3,114","1,404,957원","157,300","50,000원","2,626,764","5,000원",4,5,9,11,37,40,7
2024,1125,2024.06.22,12,"2,195,289,188원",78,"56,289,467원","3,066","1,432,022원","147,313","50,000원","2,442,674","5,000원",6,14,25,33,40,44,30
2024,1124,2024.06.15,10,"2,623,327,913원",87,"50,255,324원","3,123","1,400,005원","158,630","50,000원","2,619,643","5,000원",3,8,17,30,33,34,28
2024,1123,2024.06.08,16,"1,731,310,711원",77,"59,958,813원","2,945","1,567,684원","147,087","50,000원","2,456,500","5,000원",13,19,21,24,34,35,26
2024,1122,2024.06.01,11,"2,556,266,046원",99,"47,338,261원","2,932","1,598,393원","151,473","50,000원","2,540,890","5,000원",3,6,21,30,34,35,22
2024,1121,2024.05.25,11,"2,524,513,262원",76,"60,898,347원","2,956","1,565,723원","148,984","50,000원","2,494,773","5,000원",6,24,31,32,38,44,8
2024,1120,2024.05.18,11,"2,522,163,375원",91,"50,812,816원","3,049","1,516,552원","154,910","50,000원","2,532,990","5,000원",2,19,26,31,38,41,34
2024,1119,2024.05.11,19,"1,396,028,764원",97,"45,574,823원","3,108","1,422,381원","155,000","50,000원","2,560,859","5,000원",1,9,12,13,20,45,3
2024,1118,2024.05.04,19,"1,477,445,132원",72,"64,980,226원","3,518","1,329,897원","145,194","50,000원","2,435,050","5,000원",11,13,14,15,16,45,3
2024,1117,2024.04.27,9,"3,028,385,542원",94,"48,325,302원","3,161","1,437,071원","155,379","50,000원","2,567,618","5,000원",3,4,9,30,33,36,7
2024,1116,2024.04.20,10,"2,695,000,238원",114,"39,400,589원","2,896","1,550,991원","145,548","50,000원","2,444,108","5,000원",15,16,17,25,30,31,32
2024,1115,2024.04.13,12,"2,257,278,282원",60,"75,242,610원","3,103","1,454,901원","158,614","50,000원","2,584,491","5,000원",7,12,23,32,34,36,8
2024,1114,2024.04.06,17,"1,583,813,824원",88,"50,994,006원","3,221","1,393,193원","160,537","50,000원","2,574,463","5,000원",10,16,19,32,33,38,3
2024,1113,2024.03.30,14,"1,987,426,822원",57,"81,356,654원","2,936","1,579,472원","146,997","50,000원","2,444,535","5,000원",11,13,20,21,32,44,8
2024,1112,2024.03.23,10,"2,804,455,650원",59,"79,221,912원","3,077","1,519,043원","148,163","50,000원","2,461,430","5,000원",16,20,26,36,42,44,24
2024,1111,2024.03.16,16,"1,714,662,540원",97,"47,138,490원","5,096","897,260원","171,363","50,000원","2,608,760","5,000원",3,13,30,33,43,45,4
2024,1110,2024.03.09,16,"1,647,392,719원",118,"37,229,214원","3,654","1,202,258원","173,234","50,000원","2,747,163","5,000원",3,7,11,20,22,41,24
2024,1109,2024.03.02,17,"1,584,352,875원",84,"53,440,474원","3,347","1,341,202원","180,255","50,000원","2,734,683","5,000원",10,12,13,19,33,40,2
2024,1108,2024.02.24,14,"1,957,990,849원",96,"47,590,056원","3,227","1,415,757원","157,579","50,000원","2,572,268","5,000원",7,19,26,37,39,44,27
2024,1107,2024.02.17,14,"2,025,625,233원",82,"57,639,743원","3,357","1,407,942원","162,265","50,000원","2,581,512","5,000원",6,14,30,31,40,41,29
2024,1106,2024.02.10,11,"2,790,462,819원",67,"76,355,948원","3,374","1,516,257원","168,792","50,000원","2,788,452","5,000원",1,3,4,29,42,45,36
2024,1105,2024.02.03,15,"1,834,853,800원",83,"55,266,681원","2,898","1,582,863원","148,700","50,000원","2,503,114","5,000원",6,16,34,37,39,40,11
2024,1104,2024.01.27,15,"1,817,193,100원",76,"59,776,089원","3,000","1,514,328원","148,589","50,000원","2,490,276","5,000원",1,7,21,30,35,38,2
2024,1103,2024.01.20,17,"1,574,419,633원",76,"58,695,469원","2,909","1,533,468원","144,537","50,000원","2,436,768","5,000원",10,12,29,31,40,44,2
2024,1102,2024.01.13,20,"1,383,591,413원",63,"73,205,895원","3,042","1,516,099원","147,705","50,000원","2,461,606","5,000원",13,14,22,26,37,38,20
2024,1101,2024.01.06,13,"2,100,529,500원",75,"60,681,964원","3,363","1,353,300원","159,797","50,000원","2,596,082","5,000원",6,7,13,28,36,42,41
2023,1100,2023.12.30,13,"2,207,575,472원",81,"59,050,373원","2,869","1,667,160원","146,262","50,000원","2,503,154","5,000원",17,26,29,30,31,43,12
2023,1099,2023.12.23,9,"2,959,934,125원",71,"62,533,820원","2,701","1,643,800원","134,122","50,000원","2,306,011","5,000원",3,20,28,38,40,43,4
2023,1098,2023.12.16,13,"1,930,461,895원",68,"61,509,816원","2,840","1,472,771원","138,090","50,000원","2,311,866","5,000원",12,16,21,24,41,43,15
2023,1097,2023.12.09,7,"3,864,293,090원",67,"67,288,686원","2,631","1,713,547원","135,670","50,000원","2,317,263","5,000원",14,33,34,35,37,40,4
2023,1096,2023.12.02,10,"2,539,391,175원",85,"49,791,984원","2,924","1,447,442원","141,700","50,000원","2,386,598","5,000원",1,12,16,19,23,43,34
2023,1095,2023.11.25,10,"2,617,825,575원",57,"76,544,608원","2,584","1,688,484원","135,653","50,000원","2,278,659","5,000원",8,14,28,29,34,40,12
2023,1094,2023.11.18,12,"2,112,854,469원",87,"48,571,368원","2,725","1,550,719원","136,802","50,000원","2,278,728","5,000원",6,7,15,22,26,40,41
2023,1093,2023.11.11,13,"1,967,040,750원",65,"65,568,025원","2,928","1,455,575원","141,232","50,000원","2,327,509","5,000원",10,17,22,30,35,43,44
2023,1092,2023.11.04,16,"1,583,289,844원",84,"50,263,170원","3,327","1,269,044원","160,096","50,000원","2,540,721","5,000원",7,18,19,26,33,45,37
2023,1091,2023.10.28,9,"2,898,470,459원",65,"66,887,780원","2,873","1,513,299원","149,578","50,000원","2,481,449","5,000원",6,20,23,24,28,30,44
2023,1090,2023.10.21,11,"2,386,494,614원",88,"49,718,638원","2,931","1,492,747원","143,714","50,000원","2,398,962","5,000원",12,19,21,29,40,45,1
2023,1089,2023.10.14,9,"2,978,522,167원",79,"56,554,219원","2,825","1,581,517원","138,575","50,000원","2,338,390","5,000원",4,18,31,37,42,43,40
2023,1088,2023.10.07,11,"2,434,697,898원",94,"47,485,243원","2,991","1,492,348원","141,487","50,000원","2,352,280","5,000원",11,21,22,30,39,44,31
2023,1087,2023.09.30,16,"1,732,253,602원",71,"65,061,169원","2,989","1,545,448원","149,854","50,000원","2,506,601","5,000원",13,14,18,21,34,44,16
2023,1086,2023.09.23,17,"1,515,913,809원",67,"64,105,808원","3,270","1,313,483원","155,241","50,000원","2,500,478","5,000원",11,16,25,27,35,36,37
2023,1085,2023.09.16,23,"1,073,277,473원",80,"51,427,879원","3,471","1,185,316원","156,670","50,000원","2,475,529","5,000원",4,7,17,18,38,44,36
2023,1084,2023.09.09,15,"1,738,764,600원",107,"40,625,342원","3,003","1,447,523원","151,391","50,000원","2,512,924","5,000원",8,12,13,29,33,42,5
2023,1083,2023.09.02,15,"1,713,084,525원",72,"59,482,102원","3,274","1,308,098원","154,536","50,000원","2,501,816","5,000원",3,7,14,15,22,38,17
2023,1082,2023.08.26,7,"3,720,489,643원",62,"70,009,214원","2,768","1,568,126원","142,123","50,000원","2,390,544","5,000원",21,26,27,32,34,42,31
2023,1081,2023.08.19,11,"2,343,892,944원",92,"46,708,012원","2,923","1,470,112원","143,152","50,000원","2,390,493","5,000원",1,9,16,23,24,38,17
2023,1080,2023.08.12,7,"3,639,444,429원",82,"51,780,714원","2,720","1,561,037원","136,257","50,000원","2,254,999","5,000원",13,16,23,31,36,44,38
2023,1079,2023.08.05,9,"2,712,329,417원",85,"47,864,637원","3,212","1,266,655원","145,773","50,000원","2,344,700","5,000원",4,8,18,24,37,45,6
2023,1078,2023.07.29,12,"2,141,604,938원",77,"55,626,103원","2,691","1,591,680원","135,352","50,000원","2,334,106","5,000원",6,10,11,14,36,38,43
2023,1077,2023.07.22,7,"3,570,901,018원",98,"42,510,727원","3,235","1,287,806원","149,808","50,000원","2,428,987","5,000원",4,8,17,30,40,43,34
2023,1076,2023.07.15,9,"2,672,689,750원",86,"46,616,682원","3,109","1,289,494원","148,521","50,000원","2,417,204","5,000원",3,7,9,33,36,37,10
2023,1075,2023.07.08,9,"2,896,337,167원",160,"27,153,161원","2,750","1,579,821원","134,529","50,000원","2,267,024","5,000원",1,23,24,35,44,45,10
2023,1074,2023.07.01,12,"2,134,763,657원",78,"54,737,530원","2,711","1,574,891원","143,155","50,000원","2,311,622","5,000원",1,6,20,27,28,41,15
2023,1073,2023.06.24,11,"2,345,227,603원",62,"69,348,129원","2,994","1,436,067원","146,834","50,000원","2,387,538","5,000원",6,18,28,30,32,38,15
2023,1072,2023.06.17,12,"2,175,006,375원",93,"46,774,331원","2,872","1,514,629원","145,504","50,000원","2,400,605","5,000원",16,18,20,23,32,43,27
2023,1071,2023.06.10,5,"5,183,979,750원",83,"52,047,990원","2,891","1,494,287원","143,234","50,000원","2,391,950","5,000원",1,2,11,21,30,35,39
2023,1070,2023.06.03,14,"1,859,116,929원",63,"68,856,183원","2,938","1,476,495원","142,759","50,000원","2,353,987","5,000원",3,6,14,22,30,41,36
2023,1069,2023.05.27,14,"1,863,217,554원",79,"55,031,743원","3,006","1,446,277원","146,335","50,000원","2,419,527","5,000원",1,10,18,22,28,31,44
2023,1068,2023.05.20,19,"1,363,929,514원",87,"49,644,944원","3,114","1,386,998원","150,789","50,000원","2,480,427","5,000원",4,7,19,26,33,35,3
2023,1067,2023.05.13,13,"1,981,114,010원",82,"52,346,509원","3,679","1,166,734원","163,488","50,000원","2,567,588","5,000원",7,10,19,23,28,33,18
2023,1066,2023.05.06,15,"1,670,947,250원",88,"47,470,093원","3,323","1,257,108원","152,826","50,000원","2,432,046","5,000원",6,11,16,19,21,32,45
2023,1065,2023.04.29,14,"1,852,593,938원",74,"58,415,125원","3,117","1,386,821원","148,561","50,000원","2,416,212","5,000원",3,18,19,23,32,45,24
2023,1064,2023.04.22,19,"1,348,168,106원",62,"68,858,049원","3,296","1,295,267원","158,665","50,000원","2,525,390","5,000원",3,6,9,18,22,35,14
2023,1063,2023.04.15,7,"3,770,311,875원",55,"79,976,313원","2,706","1,625,535원","139,518","50,000원","2,401,618","5,000원",3,6,22,23,24,38,30
2023,1062,2023.04.08,7,"3,801,933,804원",68,"65,229,257원","2,668","1,662,515원","133,599","50,000원","2,278,058","5,000원",20,31,32,40,41,45,12
2023,1061,2023.04.01,11,"2,422,768,773원",99,"44,866,089원","3,003","1,479,102원","145,857","50,000원","2,425,576","5,000원",4,24,27,35,37,45,15
2023,1060,2023.03.25,28,"898,238,907원",96,"43,664,392원","4,593","912,646원","179,475","50,000원","2,566,118","5,000원",3,10,24,33,38,45,36
2023,1059,2023.03.18,13,"2,033,168,481원",83,"53,074,680원","3,127","1,408,762원","151,941","50,000원","2,516,955","5,000원",7,10,22,25,34,40,27
2023,1058,2023.03.11,13,"2,058,020,250원",60,"74,317,398원","3,074","1,450,568원","152,446","50,000원","2,545,208","5,000원",11,23,25,30,32,40,42
2023,1057,2023.03.04,17,"1,616,069,714원",664,"6,895,880원","2,962","1,545,870원","146,471","50,000원","2,461,496","5,000원",8,13,19,27,40,45,12
2023,1056,2023.02.25,14,"1,969,662,456원",81,"56,739,248원","3,223","1,425,964원","150,996","50,000원","2,464,595","5,000원",13,20,24,32,36,45,29
2023,1055,2023.02.18,11,"2,362,815,205원",92,"47,085,086원","3,413","1,269,215원","165,590","50,000원","2,662,001","5,000원",4,7,12,14,22,33,31
2023,1054,2023.02.11,9,"3,147,925,709원",66,"71,543,767원","2,714","1,739,827원","140,308","50,000원","2,407,955","5,000원",14,19,27,28,30,45,33
2023,1053,2023.02.04,7,"4,090,367,411원",64,"74,563,990원","2,702","1,766,135원","136,905","50,000원","2,367,764","5,000원",22,26,29,30,34,45,15
2023,1052,2023.01.28,11,"2,341,682,762원",108,"39,750,788원","2,926","1,467,220원","148,178","50,000원","2,405,830","5,000원",5,17,26,27,35,38,1
2023,1051,2023.01.21,18,"1,669,558,480원",70,"71,552,507원","2,824","1,773,611원","143,314","50,000원","2,477,370","5,000원",21,26,30,32,33,35,44
2023,1050,2023.01.14,17,"1,535,083,280원",70,"62,134,324원","2,866","1,517,587원","144,610","50,000원","2,402,116","5,000원",6,12,31,35,38,43,17
2023,1049,2023.01.07,15,"1,727,810,100원",89,"48,533,992원","2,968","1,455,366원","147,061","50,000원","2,462,622","5,000원",3,5,13,20,21,37,17
2022,1048,2022.12.31,17,"1,612,494,508원",102,"44,791,515원","3,817","1,196,944원","170,086","50,000원","2,721,555","5,000원",6,12,17,21,32,39,30
2022,1047,2022.12.24,9,"2,748,797,875원",83,"49,677,071원","2,728","1,511,436원","139,530","50,000원","2,313,403","5,000원",2,20,33,40,42,44,32
2022,1046,2022.12.17,12,"2,011,415,719원",57,"70,575,991원","2,959","1,359,524원","139,560","50,000원","2,260,269","5,000원",7,16,25,29,35,36,28
2022,1045,2022.12.10,13,"1,990,060,443원",67,"64,355,189원","2,699","1,597,554원","135,872","50,000원","2,280,432","5,000원",6,14,15,19,21,41,37
2022,1044,2022.12.03,8,"3,136,941,235원",72,"58,091,505원","2,597","1,610,547원","134,226","50,000원","2,254,796","5,000원",12,17,20,26,28,36,4
2022,1043,2022.11.26,17,"1,468,646,956원",86,"48,385,656원","3,156","1,318,494원","155,087","50,000원","2,495,858","5,000원",3,5,12,22,26,31,19
2022,1042,2022.11.19,20,"1,240,663,669원",100,"41,355,456원","3,567","1,159,391원","157,156","50,000원","2,462,593","5,000원",5,14,15,23,34,43,4
2022,1041,2022.11.12,25,"935,091,165원",85,"45,837,803원","3,947","987,133원","167,535","50,000원","2,620,869","5,000원",6,7,9,11,17,18,45
2022,1040,2022.11.05,7,"3,660,482,625원",63,"67,786,716원","2,583","1,653,335원","133,245","50,000원","2,235,373","5,000원",8,16,26,29,31,36,11
2022,1039,2022.10.29,16,"1,585,019,672원",80,"52,833,990원","2,773","1,524,241원","140,403","50,000원","2,359,126","5,000원",2,3,6,19,36,39,26
2022,1038,2022.10.22,15,"1,627,457,225원",77,"52,839,521원","3,364","1,209,466원","154,690","50,000원","2,436,512","5,000원",7,16,24,27,37,44,2
2022,1037,2022.10.15,15,"1,708,576,825원",78,"54,762,078원","2,713","1,574,435원","137,021","50,000원","2,279,500","5,000원",2,14,15,22,27,33,31
2022,1036,2022.10.08,9,"2,837,323,167원",64,"66,499,762원","2,593","1,641,337원","133,443","50,000원","2,231,388","5,000원",2,5,22,32,34,45,39
2022,1035,2022.10.01,8,"3,231,193,735원",71,"60,679,695원","2,848","1,512,732원","141,624","50,000원","2,366,499","5,000원",9,14,34,35,41,42,2
2022,1034,2022.09.24,9,"2,868,856,209원",66,"65,201,278원","2,898","1,484,916원","142,939","50,000원","2,400,364","5,000원",26,31,32,33,38,40,11
2022,1033,2022.09.17,13,"1,913,414,943원",79,"52,477,625원","3,083","1,344,708원","145,505","50,000원","2,376,004","5,000원",3,11,15,20,35,44,10
2022,1032,2022.09.10,10,"2,675,257,538원",90,"49,541,807원","3,078","1,448,591원","149,807","50,000원","2,458,611","5,000원",1,6,12,19,36,42,28
2022,1031,2022.09.03,8,"3,213,957,563원",64,"66,957,450원","2,789","1,536,493원","132,815","50,000원","2,247,015","5,000원",6,7,22,32,35,36,19
2022,1030,2022.08.27,19,"1,276,406,507원",104,"38,864,942원","3,278","1,233,055원","154,929","50,000원","2,473,576","5,000원",2,5,11,17,24,29,9
2022,1029,2022.08.20,10,"2,527,848,450원",62,"67,952,916원","2,614","1,611,738원","125,573","50,000원","2,136,972","5,000원",12,30,32,37,39,41,24
2022,1028,2022.08.13,20,"1,181,235,132원",91,"43,268,687원","2,810","1,401,228원","142,778","50,000원","2,333,653","5,000원",5,7,12,13,18,35,23
2022,1027,2022.08.06,10,"2,460,504,338원",83,"49,407,718원","2,700","1,518,830원","134,097","50,000원","2,217,201","5,000원",14,16,27,35,39,45,5
2022,1026,2022.07.30,15,"1,619,118,475원",76,"53,260,477원","2,786","1,452,907원","138,907","50,000원","2,290,094","5,000원",5,12,13,31,32,41,34
2022,1025,2022.07.23,4,"6,118,853,344원",69,"59,119,356원","2,671","1,527,232원","134,665","50,000원","2,258,426","5,000원",8,9,20,25,29,33,7
2022,1024,2022.07.16,8,"3,020,323,500원",63,"63,922,191원","2,616","1,539,411원","134,065","50,000원","2,224,097","5,000원",9,18,20,22,38,44,10
2022,1023,2022.07.09,9,"2,745,677,875원",72,"57,201,623원","2,506","1,643,463원","127,810","50,000원","2,172,239","5,000원",10,14,16,18,29,35,25
2022,1022,2022.07.02,5,"4,866,468,075원",63,"64,371,271원","2,580","1,571,857원","127,962","50,000원","2,155,059","5,000원",5,6,11,29,42,45,28
2022,1021,2022.06.25,12,"2,108,962,250원",56,"75,320,081원","2,461","1,713,907원","126,484","50,000원","2,182,497","5,000원",12,15,17,24,29,45,16
2022,1020,2022.06.18,13,"1,966,431,520원",77,"55,332,489원","2,817","1,512,461원","138,221","50,000원","2,300,467","5,000원",12,27,29,38,41,45,6
2022,1019,2022.06.11,50,"438,565,140원",75,"48,729,460원","5,823","627,634원","192,646","50,000원","2,506,493","5,000원",1,4,13,17,34,39,6
2022,1018,2022.06.04,2,"12,361,744,688원",62,"66,460,993원","2,693","1,530,109원","130,602","50,000원","2,216,230","5,000원",3,19,21,25,37,45,35
2022,1017,2022.05.28,7,"3,517,684,822원",70,"58,628,081원","2,596","1,580,881원","133,621","50,000원","2,235,724","5,000원",12,18,22,23,30,34,32
2022,1016,2022.05.21,11,"2,260,660,671원",68,"60,949,185원","2,686","1,543,018원","132,413","50,000원","2,202,914","5,000원",15,26,28,34,41,42,44
2022,1015,2022.05.14,8,"3,051,105,610원",102,"39,883,734원","2,880","1,412,549원","144,321","50,000원","2,304,033","5,000원",14,23,31,33,37,40,44
2022,1014,2022.05.07,10,"2,410,449,338원",69,"58,223,414원","2,849","1,410,115원","143,906","50,000원","2,372,712","5,000원",3,11,14,18,26,27,21
2022,1013,2022.04.30,5,"5,047,570,725원",79,"53,244,417원","2,586","1,626,570원","128,697","50,000원","2,157,701","5,000원",21,22,26,34,36,41,32
2022,1012,2022.04.23,13,"1,861,944,318원",76,"53,081,746원","2,882","1,399,797원","141,514","50,000원","2,324,952","5,000원",5,11,18,20,35,45,3
2022,1011,2022.04.16,11,"2,220,348,512원",76,"53,561,039원","2,818","1,444,514원","137,485","50,000원","2,292,065","5,000원",1,9,12,26,35,38,42
2022,1010,2022.04.09,8,"3,119,380,079원",66,"63,017,780원","2,781","1,495,568원","136,828","50,000원","2,278,193","5,000원",9,12,15,25,34,36,3
2022,1009,2022.04.02,15,"1,702,462,825원",69,"61,683,436원","2,632","1,617,081원","133,476","50,000원","2,232,525","5,000원",15,23,29,34,40,44,20
2022,1008,2022.03.26,11,"2,267,377,910원",97,"42,854,222원","2,826","1,470,935원","141,072","50,000원","2,311,009","5,000원",9,11,30,31,41,44,33
2022,1007,2022.03.19,9,"2,718,786,375원",70,"58,259,709원","2,844","1,433,960원","137,134","50,000원","2,256,573","5,000원",8,11,16,19,21,25,40
2022,1006,2022.03.12,9,"2,855,602,125원",65,"65,898,511원","2,487","1,722,318원","131,234","50,000원","2,288,458","5,000원",8,11,15,16,17,37,36
2022,1005,2022.03.05,12,"2,061,199,344원",84,"49,076,175원","2,798","1,473,338원","143,067","50,000원","2,349,017","5,000원",8,13,18,24,27,29,17
2022,1004,2022.02.26,10,"2,576,251,913원",68,"63,143,430원","2,785","1,541,743원","140,047","50,000원","2,340,772","5,000원",7,15,30,37,39,44,18
2022,1003,2022.02.19,14,"1,811,116,822원",66,"64,029,383원","2,649","1,595,297원","133,896","50,000원","2,247,475","5,000원",1,4,29,39,43,45,31
2022,1002,2022.02.12,8,"3,088,449,563원",85,"48,446,268원","3,193","1,289,676원","155,418","50,000원","2,436,676","5,000원",17,25,33,35,38,45,15
2022,1001,2022.02.05,12,"2,077,279,594원",66,"62,947,867원","2,761","1,504,730원","140,255","50,000원","2,346,904","5,000원",6,10,12,14,20,42,15
2022,1000,2022.01.29,22,"1,246,819,620원",109,"41,941,945원","4,018","1,137,798원","180,052","50,000원","2,747,686","5,000원",2,8,19,22,32,42,39
2022,999,2022.01.22,16,"1,513,274,790원",67,"60,229,843원","2,943","1,371,186원","143,217","50,000원","2,369,326","5,000원",1,3,9,14,18,28,34
2022,998,2022.01.15,12,"2,076,499,657원",53,"78,358,478원","2,648","1,568,354원","129,576","50,000원","2,227,628","5,000원",13,17,18,20,42,45,41
2022,997,2022.01.08,19,"1,253,749,560원",85,"46,708,317원","3,692","1,075,354원","155,887","50,000원","2,331,995","5,000원",4,7,14,16,24,44,20
2022,996,2022.01.01,18,"1,491,185,771원",86,"52,018,109원","3,313","1,350,305원","155,856","50,000원","2,546,181","5,000원",6,11,15,24,32,39,28
2021,995,2021.12.25,7,"3,447,271,875원",69,"58,287,206원","2,793","1,439,964원","138,372","50,000원","2,269,218","5,000원",1,4,13,29,38,39,7
2021,994,2021.12.18,12,"1,861,582,063원",70,"53,188,059원","2,803","1,328,279원","137,937","50,000원","2,216,661","5,000원",1,3,8,24,27,35,28
2021,993,2021.12.11,6,"3,991,197,063원",70,"57,017,101원","2,732","1,460,907원","132,583","50,000원","2,220,620","5,000원",6,14,16,18,24,42,44
2021,992,2021.12.04,12,"1,986,955,563원",58,"68,515,710원","2,373","1,674,636원","124,311","50,000원","2,105,282","5,000원",12,20,26,33,44,45,24
2021,991,2021.11.27,8,"2,904,166,032원",110,"35,202,013원","2,969","1,304,218원","138,068","50,000원","2,226,394","5,000원",13,18,25,31,33,44,38
2021,990,2021.11.20,14,"1,740,095,277원",56,"72,503,970원","2,858","1,420,652원","129,113","50,000원","2,169,219","5,000원",2,4,25,26,36,37,28
2021,989,2021.11.13,4,"5,826,768,563원",63,"61,658,927원","2,444","1,589,408원","127,891","50,000원","2,158,436","5,000원",17,18,21,27,29,33,26
2021,988,2021.11.06,9,"2,678,489,375원",61,"65,864,493원","2,663","1,508,725원","129,322","50,000원","2,139,025","5,000원",2,13,20,30,31,41,27
2021,987,2021.10.30,10,"2,378,711,625원",73,"54,308,485원","2,968","1,335,755원","140,004","50,000원","2,283,682","5,000원",2,4,15,23,29,38,7
2021,986,2021.10.23,10,"2,375,275,125원",70,"56,554,170원","2,793","1,417,398원","133,889","50,000원","2,231,167","5,000원",7,10,16,28,41,42,40
2021,985,2021.10.16,10,"2,434,752,975원",62,"65,450,349원","2,581","1,572,229원","126,523","50,000원","2,123,240","5,000원",17,21,23,30,34,44,19
2021,984,2021.10.09,7,"3,453,006,268원",64,"62,945,427원","2,596","1,551,814원","128,129","50,000원","2,149,335","5,000원",3,10,23,35,36,37,18
2021,983,2021.10.02,10,"2,503,422,225원",78,"53,491,928원","2,640","1,580,444원","131,780","50,000원","2,196,308","5,000원",13,23,26,31,35,43,15
2021,982,2021.09.25,8,"3,023,630,672원",81,"49,771,699원","2,931","1,375,472원","139,208","50,000원","2,291,933","5,000원",5,7,13,20,21,44,33
2021,981,2021.09.18,13,"1,992,863,193원",65,"66,428,774원","2,824","1,528,991원","136,630","50,000원","2,289,650","5,000원",27,36,37,41,43,45,32
2021,980,2021.09.11,7,"3,409,443,215원",70,"56,824,054원","2,819","1,411,027원","135,751","50,000원","2,237,534","5,000원",3,13,16,23,24,35,14
2021,979,2021.09.04,14,"1,606,400,518원",79,"47,446,429원","3,414","1,097,911원","154,980","50,000원","2,403,760","5,000원",7,11,16,21,27,33,24
2021,978,2021.08.28,10,"2,373,391,388원",70,"56,509,319원","2,826","1,399,736원","133,915","50,000원","2,217,326","5,000원",1,7,15,32,34,42,8
2021,977,2021.08.21,14,"1,669,905,911원",82,"47,517,648원","2,474","1,574,959원","125,781","50,000원","2,097,459","5,000원",2,9,10,14,22,44,16
2021,976,2021.08.14,7,"3,243,867,215원",69,"54,847,997원","3,085","1,226,747원","142,375","50,000원","2,270,249","5,000원",4,12,14,25,35,37,2
2021,975,2021.08.07,9,"2,440,410,375원",61,"60,010,092원","2,828","1,294,419원","135,604","50,000원","2,212,347","5,000원",7,8,9,17,22,24,5
2021,974,2021.07.31,17,"1,317,034,523원",66,"56,539,361원","2,636","1,415,629원","129,473","50,000원","2,149,319","5,000원",1,2,11,16,39,44,32
2021,973,2021.07.24,8,"2,912,742,750원",42,"92,468,024원","2,257","1,720,717원","117,757","50,000원","2,003,966","5,000원",22,26,31,37,41,42,24
2021,972,2021.07.17,20,"1,124,886,244원",80,"46,870,261원","2,570","1,458,997원","126,989","50,000원","2,122,398","5,000원",3,6,17,23,37,39,26
2021,971,2021.07.10,6,"3,725,880,250원",62,"60,094,843원","2,685","1,387,665원","131,409","50,000원","2,171,694","5,000원",2,6,17,18,21,26,7
2021,970,2021.07.03,14,"1,611,544,045원",87,"43,221,488원","2,479","1,516,850원","124,923","50,000원","2,061,176","5,000원",9,11,16,21,28,36,5
2021,969,2021.06.26,20,"1,149,427,894원",56,"68,418,328원","2,633","1,455,157원","133,079","50,000원","2,211,803","5,000원",3,9,10,29,40,45,7
2021,968,2021.06.19,13,"1,667,729,683원",97,"37,251,694원","3,116","1,159,633원","148,150","50,000원","2,329,460","5,000원",2,5,12,14,24,39,33
2021,967,2021.06.12,4,"5,809,776,094원",69,"56,133,103원","2,475","1,564,923원","121,200","50,000원","2,042,462","5,000원",1,6,13,37,38,40,9
2021,966,2021.06.05,10,"2,411,303,513원",50,"80,376,784원","2,352","1,708,691원","115,370","50,000원","1,980,202","5,000원",1,21,25,29,34,37,36
2021,965,2021.05.29,7,"3,403,348,929원",46,"86,316,821원","2,389","1,662,024원","122,129","50,000원","2,043,257","5,000원",2,13,25,28,29,36,34
2021,964,2021.05.22,10,"2,345,861,063원",52,"75,187,855원","2,447","1,597,781원","123,780","50,000원","2,061,560","5,000원",6,21,36,38,39,43,30
2021,963,2021.05.15,15,"1,476,478,125원",68,"54,282,285원","3,137","1,176,665원","141,987","50,000원","2,219,439","5,000원",6,12,19,23,34,42,35
2021,962,2021.05.08,12,"1,940,906,094원",73,"53,175,510원","2,581","1,503,996원","126,528","50,000원","2,119,457","5,000원",1,18,28,31,34,43,40
2021,961,2021.05.01,9,"2,575,231,209원",73,"52,915,710원","2,716","1,422,256원","133,764","50,000원","2,197,136","5,000원",11,20,29,31,33,42,43
2021,960,2021.04.24,10,"2,401,133,213원",56,"71,462,298원","2,569","1,557,762원","129,546","50,000원","2,180,006","5,000원",2,18,24,30,32,45,14
2021,959,2021.04.17,8,"3,015,312,891원",75,"53,605,563원","2,502","1,606,882원","123,802","50,000원","2,072,896","5,000원",1,14,15,24,40,41,35
2021,958,2021.04.10,15,"1,596,119,675원",67,"59,556,705원","2,470","1,615,506원","131,097","50,000원","2,168,146","5,000원",2,9,10,16,35,37,1
2021,957,2021.04.03,11,"2,126,634,137원",61,"63,915,234원","2,835","1,375,249원","129,545","50,000원","2,131,893","5,000원",4,15,24,35,36,40,1
2021,956,2021.03.27,11,"2,022,982,671원",136,"27,270,600원","3,053","1,214,806원","144,650","50,000원","2,325,943","5,000원",10,11,20,21,25,41,40
2021,955,2021.03.20,12,"2,023,170,188원",71,"56,990,710원","2,650","1,526,921원","130,744","50,000원","2,196,889","5,000원",4,9,23,26,29,33,8
2021,954,2021.03.13,10,"2,478,795,900원",64,"64,551,977원","2,657","1,554,884원","132,057","50,000원","2,214,839","5,000원",1,9,26,28,30,41,32
2021,953,2021.03.06,14,"1,640,636,009원",102,"37,530,890원","3,273","1,169,616원","146,120","50,000원","2,331,848","5,000원",7,9,22,27,37,42,34
2021,952,2021.02.27,9,"2,713,699,834원",93,"43,769,353원","3,039","1,339,438원","141,776","50,000원","2,304,925","5,000원",4,12,22,24,33,41,38
2021,951,2021.02.20,14,"1,747,552,661원",72,"56,633,652원","2,907","1,402,692원","142,335","50,000원","2,346,154","5,000원",2,12,30,31,39,43,38
2021,950,2021.02.13,8,"3,281,920,500원",67,"65,311,851원","2,886","1,516,249원","146,270","50,000원","2,422,941","5,000원",3,4,15,22,28,40,10
2021,949,2021.02.06,10,"2,458,569,713원",65,"63,040,250원","2,594","1,579,652원","130,363","50,000원","2,192,075","5,000원",14,21,35,36,40,44,30
2021,948,2021.01.30,11,"2,188,548,716원",90,"44,581,548원","2,905","1,381,184원","137,929","50,000원","2,252,913","5,000원",13,18,30,31,38,41,5
2021,947,2021.01.23,18,"1,275,855,750원",58,"65,992,539원","3,182","1,202,881원","146,908","50,000원","2,351,804","5,000원",3,8,17,20,27,35,26
2021,946,2021.01.16,11,"2,157,656,182원",71,"55,714,127원","2,949","1,341,371원","138,433","50,000원","2,224,563","5,000원",9,18,19,30,34,40,20
2021,945,2021.01.09,13,"1,765,554,491원",71,"53,878,424원","2,490","1,536,293원","124,224","50,000원","2,120,882","5,000원",9,10,15,30,33,37,26
2021,944,2021.01.02,13,"1,961,836,356원",79,"53,805,639원","3,057","1,390,464원","147,665","50,000원","2,440,455","5,000원",2,13,16,19,32,33,42
2020,943,2020.12.26,7,"3,435,045,108원",74,"54,156,117원","2,722","1,472,283원","135,763","50,000원","2,238,429","5,000원",1,8,13,36,44,45,39
2020,942,2020.12.19,6,"3,761,680,313원",52,"72,340,007원","2,473","1,521,101원","120,907","50,000원","2,045,438","5,000원",10,12,18,35,42,43,39
2020,941,2020.12.12,16,"1,347,297,422원",87,"41,296,473원","3,275","1,097,037원","145,544","50,000원","2,282,851","5,000원",12,14,25,27,39,40,35
2020,940,2020.12.05,8,"2,846,071,079원",51,"74,407,088원","2,329","1,629,353원","123,292","50,000원","2,087,480","5,000원",3,15,20,22,24,41,11
2020,939,2020.11.28,13,"1,708,363,039원",67,"55,245,571원","2,682","1,380,110원","128,408","50,000원","2,127,595","5,000원",4,11,28,39,42,45,6
2020,938,2020.11.21,10,"2,249,466,563원",64,"58,579,859원","2,531","1,481,277원","124,971","50,000원","2,096,955","5,000원",4,8,10,16,31,36,9
2020,937,2020.11.14,11,"2,058,420,819원",57,"66,206,518원","2,480","1,521,683원","124,141","50,000원","2,092,601","5,000원",2,10,13,22,29,40,26
2020,936,2020.11.07,14,"1,492,069,179원",77,"45,214,218원","2,864","1,215,606원","140,160","50,000원","2,252,623","5,000원",7,11,13,17,18,29,43
2020,935,2020.10.31,13,"1,711,055,424원",120,"30,894,057원","2,933","1,263,992원","134,376","50,000원","2,118,071","5,000원",4,10,20,32,38,44,18
2020,934,2020.10.24,4,"5,765,772,844원",66,"58,240,130원","2,359","1,629,440원","116,726","50,000원","1,985,417","5,000원",1,3,30,33,36,39,12
2020,933,2020.10.17,8,"2,927,797,079원",63,"61,963,960원","2,215","1,762,407원","114,043","50,000원","1,962,088","5,000원",23,27,29,31,36,45,37
2020,932,2020.10.10,7,"3,390,022,983원",64,"61,797,294원","2,420","1,634,309원","120,969","50,000원","2,067,196","5,000원",1,6,15,36,37,38,5
2020,931,2020.10.03,8,"2,957,108,063원",54,"73,015,014원","2,596","1,518,803원","121,943","50,000원","2,041,653","5,000원",14,15,23,25,35,43,32
2020,930,2020.09.26,8,"2,832,418,829원",55,"68,664,699원","2,776","1,360,432원","128,480","50,000원","2,124,548","5,000원",8,21,25,38,39,44,28
2020,929,2020.09.19,16,"1,308,035,157원",91,"38,330,701원","3,028","1,151,947원","140,880","50,000원","2,244,712","5,000원",7,9,12,15,19,23,4
2020,928,2020.09.12,7,"3,134,591,358원",81,"45,148,436원","2,639","1,385,761원","121,873","50,000원","2,011,931","5,000원",3,4,10,20,28,44,30
2020,927,2020.09.05,6,"3,714,203,875원",63,"58,955,618원","2,331","1,593,396원","118,446","50,000원","1,979,589","5,000원",4,15,22,38,41,43,26
2020,926,2020.08.29,10,"2,032,490,663원",72,"47,048,395원","2,923","1,158,907원","133,167","50,000원","2,085,580","5,000원",10,16,18,20,25,31,6
2020,925,2020.08.22,12,"1,771,080,532원",68,"52,090,604원","2,335","1,516,986원","117,863","50,000원","1,944,019","5,000원",13,24,32,34,39,42,4
2020,924,2020.08.15,9,"2,382,430,667원",69,"51,791,972원","2,198","1,625,863원","113,214","50,000원","1,920,852","5,000원",3,11,34,42,43,44,13
2020,923,2020.08.08,8,"2,667,554,625원",56,"63,513,206원","2,376","1,496,945원","115,877","50,000원","1,937,187","5,000원",3,17,18,23,36,41,26
2020,922,2020.08.01,6,"3,417,904,500원",89,"38,403,422원","2,876","1,188,423원","136,052","50,000원","2,097,501","5,000원",2,6,13,17,27,43,36
2020,921,2020.07.25,17,"1,232,573,405원",72,"48,504,047원","2,682","1,302,123원","129,993","50,000원","2,101,238","5,000원",5,7,12,22,28,41,1
2020,920,2020.07.18,7,"3,120,260,197원",53,"68,684,973원","2,348","1,550,385원","117,181","50,000원","1,984,222","5,000원",2,3,26,33,34,43,29
2020,919,2020.07.11,5,"4,305,150,450원",56,"64,064,739원","2,541","1,411,896원","122,864","50,000원","2,052,965","5,000원",9,14,17,18,42,44,35
2020,918,2020.07.04,18,"1,117,622,646원",86,"38,986,837원","2,718","1,233,580원","137,216","50,000원","2,183,337","5,000원",7,11,12,31,33,38,5
2020,917,2020.06.27,10,"2,144,799,638원",47,"76,056,725원","2,260","1,581,711원","117,542","50,000원","2,000,201","5,000원",1,3,23,24,27,43,34
2020,916,2020.06.20,11,"2,025,384,341원",70,"53,045,781원","2,184","1,700,186원","111,426","50,000원","1,857,917","5,000원",6,21,22,32,35,36,17
2020,915,2020.06.13,6,"3,518,640,500원",63,"55,851,437원","2,436","1,444,434원","119,025","50,000원","1,966,167","5,000원",2,6,11,13,22,37,14
2020,914,2020.06.06,11,"1,950,005,557원",55,"65,000,186원","2,585","1,382,983원","122,904","50,000원","2,006,794","5,000원",16,19,24,33,42,44,27
2020,913,2020.05.30,16,"1,338,755,602원",66,"54,091,136원","2,467","1,447,108원","122,530","50,000원","1,996,371","5,000원",6,14,16,21,27,37,40
2020,912,2020.05.23,14,"1,493,500,581원",70,"49,783,353원","2,547","1,368,212원","125,332","50,000원","2,030,860","5,000원",5,8,18,21,22,38,10
2020,911,2020.05.16,10,"2,113,538,625원",58,"60,733,869원","2,571","1,370,115원","123,236","50,000원","2,064,778","5,000원",4,5,12,14,32,42,35
2020,910,2020.05.09,21,"941,316,375원",72,"45,758,435원","2,694","1,222,943원","128,516","50,000원","2,074,354","5,000원",1,11,17,27,35,39,31
2020,909,2020.05.02,11,"2,021,062,875원",63,"58,814,000원","2,316","1,599,863원","111,558","50,000원","1,910,295","5,000원",7,24,29,30,34,35,33
2020,908,2020.04.25,8,"2,834,856,141원",57,"66,312,425원","2,161","1,749,102원","108,610","50,000원","1,858,567","5,000원",3,16,21,22,23,44,30
2020,907,2020.04.18,7,"3,165,059,036원",67,"55,112,969원","2,300","1,605,465원","112,189","50,000원","1,903,128","5,000원",21,27,29,38,40,44,37
2020,906,2020.04.11,9,"2,472,607,250원",63,"58,871,602원","2,369","1,565,602원","117,171","50,000원","1,988,860","5,000원",2,5,14,28,31,32,20
2020,905,2020.04.04,7,"3,017,862,536원",77,"45,725,190원","2,643","1,332,138원","129,133","50,000원","2,111,090","5,000원",3,4,16,27,38,40,20
2020,904,2020.03.28,8,"2,718,077,813원",92,"39,392,433원","2,337","1,550,751원","115,626","50,000원","1,938,996","5,000원",2,6,8,26,43,45,11
2020,903,2020.03.21,13,"1,684,582,212원",49,"74,488,330원","2,316","1,575,963원","111,981","50,000원","1,902,821","5,000원",2,15,16,21,22,28,45
2020,902,2020.03.14,13,"1,619,317,529원",67,"52,365,990원","2,372","1,479,141원","119,126","50,000원","1,945,304","5,000원",7,19,23,24,36,39,30
2020,901,2020.03.07,9,"2,267,974,667원",67,"50,775,553원","2,308","1,473,987원","114,451","50,000원","1,890,747","5,000원",5,18,20,23,30,34,21
2020,900,2020.02.29,6,"3,349,851,375원",51,"65,683,361원","2,385","1,404,550원","113,132","50,000원","1,872,855","5,000원",7,13,16,18,35,38,14
2020,899,2020.02.22,6,"3,359,356,063원",53,"63,384,077원","2,402","1,398,567원","121,900","50,000원","1,993,765","5,000원",8,19,20,21,33,39,37
2020,898,2020.02.15,8,"2,639,313,235원",56,"62,840,792원","3,240","1,086,138원","137,051","50,000원","2,005,739","5,000원",18,21,28,35,37,42,17
2020,897,2020.02.08,13,"1,619,922,520원",62,"56,610,196원","2,398","1,463,650원","121,076","50,000원","1,996,656","5,000원",6,7,12,22,26,36,29
2020,896,2020.02.01,7,"3,053,222,036원",46,"77,436,791원","2,586","1,377,453원","128,068","50,000원","2,066,172","5,000원",5,12,25,26,38,45,23
2020,895,2020.01.25,12,"1,928,079,219원",58,"66,485,491원","2,750","1,402,240원","134,059","50,000원","2,185,782","5,000원",16,26,31,38,39,41,23
2020,894,2020.01.18,9,"2,377,935,959원",56,"63,694,714원","2,331","1,530,204원","116,749","50,000원","1,971,982","5,000원",19,32,37,40,41,43,45
2020,893,2020.01.11,9,"2,377,433,625원",58,"61,485,353원","2,113","1,687,720원","116,062","50,000원","1,899,696","5,000원",1,15,17,23,25,41,10
2020,892,2020.01.04,17,"1,282,017,464원",78,"46,569,011원","2,709","1,340,858원","134,155","50,000원","2,155,749","5,000원",4,9,17,18,26,42,36
2019,891,2019.12.28,7,"3,082,673,947원",77,"46,707,182원","2,443","1,472,147원","122,132","50,000원","1,998,623","5,000원",9,13,28,31,39,41,19
2019,890,2019.12.21,9,"2,335,486,167원",58,"60,400,505원","2,376","1,474,424원","114,859","50,000원","1,915,593","5,000원",1,4,14,18,29,37,6
2019,889,2019.12.14,10,"2,108,986,950원",60,"58,582,971원","2,338","1,503,413원","114,198","50,000원","1,907,477","5,000원",3,13,29,38,39,42,26
2019,888,2019.12.07,8,"2,370,359,204원",59,"53,567,440원","2,453","1,288,414원","123,025","50,000원","1,990,715","5,000원",3,7,12,31,34,38,32
2019,887,2019.11.30,8,"2,535,268,688원",66,"51,217,550원","2,388","1,415,561원","114,719","50,000원","1,885,924","5,000원",8,14,17,27,36,45,10
2019,886,2019.11.23,7,"2,974,643,786원",59,"58,820,640원","2,140","1,621,691원","109,766","50,000원","1,768,281","5,000원",19,23,28,37,42,45,2
2019,885,2019.11.16,13,"1,543,832,568원",56,"59,731,618원","2,279","1,467,737원","111,832","50,000원","1,869,359","5,000원",1,3,24,27,39,45,31
2019,884,2019.11.09,12,"1,799,077,282원",74,"48,623,711원","2,207","1,630,338원","108,076","50,000원","1,817,654","5,000원",4,14,23,28,37,45,17
2019,883,2019.11.02,15,"1,360,519,525원",65,"52,327,675원","2,538","1,340,150원","119,613","50,000원","1,924,209","5,000원",9,18,32,33,37,44,22
2019,882,2019.10.26,5,"4,127,270,400원",44,"78,168,000원","2,082","1,651,966원","109,226","50,000원","1,839,873","5,000원",18,34,39,43,44,45,23
2019,881,2019.10.19,8,"2,503,212,282원",67,"49,815,170원","2,189","1,524,722원","116,952","50,000원","1,939,849","5,000원",4,18,20,26,27,32,9
2019,880,2019.10.12,7,"2,837,810,465원",52,"63,668,825원","2,332","1,419,717원","114,994","50,000원","1,939,064","5,000원",7,17,19,23,24,45,38
2019,879,2019.10.05,6,"3,206,361,313원",77,"41,641,057원","2,594","1,236,069원","123,497","50,000원","1,952,277","5,000원",1,4,10,14,15,35,20
2019,878,2019.09.28,6,"3,207,993,500원",69,"46,492,660원","2,971","1,079,769원","129,139","50,000원","1,994,188","5,000원",2,6,11,16,25,31,3
2019,877,2019.09.21,12,"1,716,607,188원",75,"45,776,192원","2,167","1,584,317원","109,806","50,000원","1,867,270","5,000원",5,17,18,22,23,43,12
2019,876,2019.09.14,19,"1,090,657,856원",59,"58,538,134원","2,427","1,423,054원","112,619","50,000원","1,856,647","5,000원",5,16,21,26,34,42,24
2019,875,2019.09.07,14,"1,415,946,724원",33,"100,117,446원","2,278","1,450,341원","105,071","50,000원","1,726,617","5,000원",19,22,30,34,39,44,36
2019,874,2019.08.31,18,"1,117,123,917원",68,"49,284,879원","2,240","1,496,149원","110,655","50,000원","1,830,269","5,000원",1,15,19,23,28,42,32
2019,873,2019.08.24,10,"1,874,553,225원",68,"45,944,932원","2,375","1,315,476원","123,684","50,000원","2,001,910","5,000원",3,5,12,13,33,39,38
2019,872,2019.08.17,16,"1,262,705,579원",46,"73,200,324원","2,018","1,668,591원","99,681","50,000원","1,715,898","5,000원",2,4,30,32,33,43,29
2019,871,2019.08.10,7,"2,718,071,358원",61,"51,984,972원","2,231","1,421,374원","108,666","50,000원","1,792,357","5,000원",2,6,12,26,30,34,38
2019,870,2019.08.03,10,"1,928,842,988원",48,"66,973,715원","2,033","1,581,279원","102,000","50,000원","1,705,285","5,000원",21,25,30,32,40,42,31
2019,869,2019.07.27,10,"1,922,582,588원",56,"57,219,720원","2,210","1,449,912원","108,562","50,000원","1,814,332","5,000원",2,6,20,27,37,39,4
2019,868,2019.07.20,6,"3,233,804,250원",61,"53,013,185원","2,152","1,502,698원","109,133","50,000원","1,789,491","5,000원",12,17,28,41,43,44,25
2019,867,2019.07.13,5,"3,933,755,250원",57,"57,511,042원","2,175","1,507,186원","109,516","50,000원","1,820,552","5,000원",14,17,19,22,24,40,41
2019,866,2019.07.06,9,"2,240,409,000원",68,"49,420,787원","2,035","1,651,408원","104,919","50,000원","1,770,017","5,000원",9,15,29,34,37,39,12
2019,865,2019.06.29,13,"1,551,729,145원",52,"64,655,382원","2,076","1,619,499원","104,626","50,000원","1,749,234","5,000원",3,15,22,32,33,45,2
2019,864,2019.06.22,11,"1,716,553,637원",64,"49,172,110원","2,467","1,275,645원","122,913","50,000원","1,957,675","5,000원",3,7,10,13,25,36,32
2019,863,2019.06.15,7,"2,853,357,322원",64,"52,014,327원","2,042","1,630,224원","104,949","50,000원","1,753,097","5,000원",16,21,28,35,39,43,12
2019,862,2019.06.08,9,"2,190,922,709원",63,"52,164,827원","2,042","1,609,395원","104,765","50,000원","1,755,036","5,000원",10,34,38,40,42,43,32
2019,861,2019.06.01,4,"4,872,108,844원",65,"49,970,348원","2,256","1,439,749원","108,644","50,000원","1,819,899","5,000원",11,17,19,21,22,25,24
2019,860,2019.05.25,10,"1,879,899,825원",62,"50,534,942원","2,339","1,339,533원","128,867","50,000원","1,882,931","5,000원",4,8,18,25,27,32,42
2019,859,2019.05.18,11,"1,853,927,489원",51,"66,644,453원","1,895","1,793,598원","97,729","50,000원","1,678,945","5,000원",8,22,35,38,39,41,24
2019,858,2019.05.11,9,"2,202,347,459원",41,"80,573,688원","2,075","1,592,059원","106,176","50,000원","1,789,295","5,000원",9,13,32,38,39,43,23
2019,857,2019.05.04,15,"1,284,915,425원",62,"51,811,106원","2,367","1,357,114원","111,971","50,000원","1,833,940","5,000원",6,10,16,28,34,38,43
2019,856,2019.04.27,5,"3,977,927,550원",53,"62,546,031원","1,949","1,700,842원","104,537","50,000원","1,700,369","5,000원",10,24,40,41,43,44,17
2019,855,2019.04.20,9,"2,269,510,500원",61,"55,807,636원","2,022","1,683,614원","102,532","50,000원","1,765,328","5,000원",8,15,17,19,43,44,7
2019,854,2019.04.13,6,"3,421,706,750원",44,"77,766,063원","1,865","1,834,696원","99,152","50,000원","1,716,083","5,000원",20,25,31,32,36,43,3
2019,853,2019.04.06,7,"2,885,006,786원",90,"37,398,237원","2,018","1,667,910원","105,158","50,000원","1,787,511","5,000원",2,8,23,26,27,44,13
2019,852,2019.03.30,4,"4,801,543,407원",67,"47,776,552원","2,328","1,375,013원","114,850","50,000원","1,876,933","5,000원",11,17,28,30,33,35,9
2019,851,2019.03.23,8,"2,483,692,313원",70,"47,308,425원","2,101","1,576,197원","106,132","50,000원","1,750,048","5,000원",14,18,22,26,31,44,40
2019,850,2019.03.16,6,"3,377,587,875원",55,"61,410,689원","2,023","1,669,594원","101,591","50,000원","1,727,367","5,000원",16,20,24,28,36,39,5
2019,849,2019.03.09,17,"1,158,252,883원",56,"58,602,081원","2,682","1,223,608원","113,125","50,000원","1,851,371","5,000원",5,13,17,29,34,39,3
2019,848,2019.03.02,7,"3,011,580,858원",42,"83,655,024원","2,109","1,665,961원","103,845","50,000원","1,792,259","5,000원",1,2,16,22,38,39,34
2019,847,2019.02.23,8,"2,520,846,657원",40,"84,028,222원","2,443","1,375,821원","114,324","50,000원","1,857,205","5,000원",12,16,26,28,30,42,22
2019,846,2019.02.16,13,"1,596,884,395원",69,"50,143,713원","1,997","1,732,557원","106,009","50,000원","1,797,728","5,000원",5,18,30,41,43,45,13
2019,845,2019.02.09,11,"1,891,217,182원",56,"61,914,849원","2,038","1,701,292원","105,790","50,000원","1,782,933","5,000원",1,16,29,33,40,45,6
2019,844,2019.02.02,18,"1,162,963,542원",73,"47,793,023원","2,406","1,450,080원","120,078","50,000원","1,997,556","5,000원",7,8,13,15,33,45,18
2019,843,2019.01.26,5,"4,012,970,100원",52,"64,310,419원","2,002","1,670,401원","105,717","50,000원","1,777,953","5,000원",19,21,30,33,34,42,4
2019,842,2019.01.19,10,"2,035,475,025원",42,"80,772,819원","2,039","1,663,786원","103,190","50,000원","1,735,911","5,000원",14,26,32,36,39,42,38
2019,841,2019.01.12,17,"1,116,095,714원",88,"35,934,900원","2,490","1,269,989원","119,648","50,000원","1,901,965","5,000원",5,11,14,30,33,38,24
2019,840,2019.01.05,10,"2,042,961,788원",51,"66,763,458원","2,275","1,496,676원","110,586","50,000원","1,852,019","5,000원",2,4,11,28,29,43,27
2018,839,2018.12.29,13,"1,359,454,904원",48,"61,364,284원","2,664","1,105,663원","126,227","50,000원","1,946,924","5,000원",3,9,11,12,13,19,35
2018,838,2018.12.22,5,"3,813,733,050원",68,"46,736,925원","2,220","1,431,582원","107,897","50,000원","1,777,501","5,000원",9,14,17,33,36,38,20
2018,837,2018.12.15,6,"3,144,449,125원",47,"66,903,173원","2,012","1,562,848원","97,334","50,000원","1,656,959","5,000원",2,25,28,30,33,45,6
2018,836,2018.12.08,14,"1,257,843,670원",62,"47,338,203원","2,230","1,316,130원","103,846","50,000원","1,719,260","5,000원",1,9,11,14,26,28,19
2018,835,2018.12.01,15,"1,233,681,125원",58,"53,175,911원","2,306","1,337,469원","106,763","50,000원","1,767,089","5,000원",9,10,13,28,38,45,35
2018,834,2018.11.24,11,"1,690,693,671원",47,"65,949,044원","1,967","1,575,804원","99,132","50,000원","1,643,491","5,000원",6,8,18,35,42,43,3
2018,833,2018.11.17,8,"2,356,317,282원",53,"59,278,423원","1,945","1,615,299원","103,152","50,000원","1,715,510","5,000원",12,18,30,39,41,42,19
2018,832,2018.11.10,9,"2,088,204,584원",60,"52,205,115원","2,137","1,465,750원","102,312","50,000원","1,706,379","5,000원",13,14,19,26,40,43,30
2018,831,2018.11.03,16,"1,110,702,258원",61,"48,555,290원","2,660","1,113,486원","117,332","50,000원","1,849,959","5,000원",3,10,16,19,31,39,9
2018,830,2018.10.27,9,"2,060,528,750원",80,"38,634,915원","2,142","1,442,948원","106,206","50,000원","1,764,071","5,000원",5,6,16,18,37,38,17
2018,829,2018.10.20,8,"2,444,650,641원",45,"72,434,094원","1,837","1,774,379원","94,679","50,000원","1,637,836","5,000원",4,5,31,35,43,45,29
2018,828,2018.10.13,13,"1,455,185,972원",62,"50,853,274원","1,968","1,602,085원","100,644","50,000원","1,704,198","5,000원",4,7,13,29,31,39,18
2018,827,2018.10.06,15,"1,206,500,375원",46,"65,570,673원","2,113","1,427,474원","106,164","50,000원","1,761,371","5,000원",5,11,12,29,33,44,14
2018,826,2018.09.29,9,"2,075,192,084원",47,"66,229,535원","2,232","1,394,619원","108,626","50,000원","1,755,153","5,000원",13,16,24,25,33,36,42
2018,825,2018.09.22,12,"1,658,710,563원",53,"62,592,852원","2,249","1,475,065원","113,070","50,000원","1,850,484","5,000원",8,15,21,31,33,38,42
2018,824,2018.09.15,15,"1,256,646,550원",51,"61,600,322원","2,106","1,491,746원","105,359","50,000원","1,745,566","5,000원",7,9,24,29,34,38,26
2018,823,2018.09.08,9,"2,009,843,917원",61,"49,422,392원","2,348","1,283,972원","112,065","50,000원","1,795,737","5,000원",12,18,24,26,39,40,15
2018,822,2018.09.01,3,"5,930,898,625원",79,"37,537,334원","2,153","1,377,357원","108,789","50,000원","1,735,565","5,000원",9,18,20,24,27,36,12
2018,821,2018.08.25,14,"1,316,155,956원",55,"55,836,920원","2,100","1,462,396원","101,082","50,000원","1,687,355","5,000원",1,12,13,24,29,44,16
2018,820,2018.08.18,4,"4,627,313,532원",60,"51,414,595원","1,987","1,552,530원","99,433","50,000원","1,644,326","5,000원",10,21,22,30,35,42,6
2018,819,2018.08.11,7,"2,594,534,840원",49,"61,774,640원","1,981","1,527,995원","97,667","50,000원","1,638,089","5,000원",16,25,33,38,40,45,15
2018,818,2018.08.04,13,"1,380,804,318원",39,"76,711,351원","1,845","1,621,541원","90,205","50,000원","1,490,497","5,000원",14,15,25,28,29,30,3
2018,817,2018.07.28,9,"1,868,477,334원",54,"51,902,149원","2,068","1,355,279원","105,276","50,000원","1,718,171","5,000원",3,9,12,13,25,43,34
2018,816,2018.07.21,8,"2,128,107,938원",67,"42,350,407원","2,064","1,374,747원","102,402","50,000원","1,675,799","5,000원",12,18,19,29,31,39,7
2018,815,2018.07.14,7,"2,579,855,358원",39,"77,175,161원","1,703","1,767,371원","92,977","50,000원","1,596,140","5,000원",17,21,25,26,27,36,4
2018,814,2018.07.07,6,"3,067,192,063원",52,"58,984,463원","1,833","1,673,319원","93,837","50,000원","1,585,777","5,000원",2,21,28,38,42,45,30
2018,813,2018.06.30,4,"4,591,763,157원",43,"71,190,127원","1,800","1,700,654원","89,323","50,000원","1,548,384","5,000원",11,30,34,35,42,44,27
2018,812,2018.06.23,6,"2,947,954,750원",68,"43,352,276원","1,976","1,491,880원","100,498","50,000원","1,693,074","5,000원",1,3,12,14,16,43,10
2018,811,2018.06.16,7,"2,524,148,197원",49,"60,098,767원","2,151","1,369,057원","104,155","50,000원","1,703,788","5,000원",8,11,19,21,36,45,25
2018,810,2018.06.09,8,"2,231,598,047원",64,"46,491,626원","2,053","1,449,325원","100,608","50,000원","1,672,013","5,000원",5,10,13,21,39,43,11
2018,809,2018.06.02,6,"2,921,372,750원",56,"52,167,371원","2,179","1,340,695원","104,350","50,000원","1,703,714","5,000원",6,11,15,17,23,40,39
2018,808,2018.05.26,6,"3,087,620,500원",46,"67,122,185원","1,962","1,573,711원","95,319","50,000원","1,597,761","5,000원",15,21,31,32,41,43,24
2018,807,2018.05.19,7,"2,437,662,322원",59,"48,202,363원","2,319","1,226,365원","108,300","50,000원","1,749,855","5,000원",6,10,18,25,34,35,33
2018,806,2018.05.12,7,"2,640,760,875원",57,"54,050,662원","1,850","1,665,345원","91,180","50,000원","1,561,838","5,000원",14,20,23,31,37,38,27
2018,805,2018.05.05,4,"4,266,061,969원",53,"53,661,157원","2,075","1,370,623원","105,602","50,000원","1,700,112","5,000원",3,12,13,18,31,32,42
2018,804,2018.04.28,11,"1,631,996,523원",49,"61,061,095원","2,048","1,460,935원","100,907","50,000원","1,659,443","5,000원",1,10,13,26,32,36,9
2018,803,2018.04.21,5,"3,663,810,225원",50,"61,063,504원","2,094","1,458,059원","102,413","50,000원","1,657,869","5,000원",5,9,14,26,30,43,2
2018,802,2018.04.14,16,"1,082,947,993원",67,"43,102,408원","2,207","1,308,501원","107,980","50,000원","1,814,300","5,000원",10,11,12,18,24,42,27
2018,801,2018.04.07,8,"2,256,786,657원",51,"59,000,959원","1,999","1,505,278원","97,006","50,000원","1,618,941","5,000원",17,25,28,37,43,44,2
2018,800,2018.03.31,11,"1,632,246,205원",51,"58,675,518원","2,179","1,373,315원","110,956","50,000원","1,801,924","5,000원",1,4,10,12,28,45,26
2018,799,2018.03.24,10,"1,826,427,225원",56,"54,357,954원","2,242","1,357,737원","107,519","50,000원","1,725,236","5,000원",12,17,23,34,42,45,33
2018,798,2018.03.17,7,"2,710,791,911원",60,"52,709,843원","2,124","1,488,979원","98,988","50,000원","1,653,851","5,000원",2,10,14,22,32,36,41
2018,797,2018.03.10,8,"2,397,028,125원",34,"94,001,103원","1,868","1,710,941원","97,900","50,000원","1,641,334","5,000원",5,22,31,32,39,45,36
2018,796,2018.03.03,7,"2,763,490,340원",46,"70,088,524원","1,921","1,678,331원","96,701","50,000원","1,643,069","5,000원",1,21,26,36,40,41,5
2018,795,2018.02.24,11,"1,714,977,000원",62,"50,711,686원","2,423","1,297,617원","111,043","50,000원","1,825,105","5,000원",3,10,13,26,34,38,36
2018,794,2018.02.17,7,"2,650,940,304원",45,"68,728,082원","2,607","1,186,331원","116,809","50,000원","1,877,646","5,000원",6,7,18,19,30,38,13
2018,793,2018.02.10,5,"3,750,146,775원",61,"51,231,514원","2,043","1,529,674원","98,216","50,000원","1,635,392","5,000원",10,15,21,35,38,43,31
2018,792,2018.02.03,7,"2,655,736,768원",65,"47,667,071원","1,958","1,582,411원","99,185","50,000원","1,684,675","5,000원",2,7,19,25,29,36,16
2018,791,2018.01.27,14,"1,253,081,893원",38,"76,943,625원","2,410","1,213,219원","102,931","50,000원","1,713,102","5,000원",2,10,12,31,33,42,32
2018,790,2018.01.20,16,"1,160,516,274원",59,"52,452,713원","2,417","1,280,394원","113,336","50,000원","1,812,992","5,000원",3,8,19,27,30,41,12
2018,789,2018.01.13,15,"1,140,976,825원",70,"40,749,173원","2,437","1,170,473원","118,089","50,000원","1,868,863","5,000원",2,6,7,12,19,45,38
2018,788,2018.01.06,13,"1,401,475,154원",70,"43,378,993원","2,257","1,345,384원","112,504","50,000원","1,828,701","5,000원",2,10,11,19,35,39,29
2017,787,2017.12.30,6,"3,092,108,313원",51,"60,629,575원","2,339","1,321,979원","114,842","50,000원","1,863,599","5,000원",5,6,13,16,27,28,9
2017,786,2017.12.23,4,"4,551,365,250원",96,"31,606,704원","2,064","1,470,080원","103,000","50,000원","1,708,226","5,000원",12,15,16,20,24,30,38
2017,785,2017.12.16,6,"2,886,622,688원",55,"52,484,049원","1,972","1,463,805원","100,062","50,000원","1,678,240","5,000원",4,6,15,25,26,33,40
2017,784,2017.12.09,9,"1,908,678,000원",51,"56,137,589원","2,257","1,268,506원","115,089","50,000원","1,699,421","5,000원",3,10,23,24,31,39,22
2017,783,2017.12.02,4,"4,603,964,625원",36,"85,258,605원","1,869","1,642,221원","90,899","50,000원","1,532,640","5,000원",14,15,16,17,38,45,36
2017,782,2017.11.25,9,"1,946,487,625원",49,"59,586,356원","2,047","1,426,347원","96,821","50,000원","1,585,617","5,000원",6,18,31,34,38,45,20
2017,781,2017.11.18,9,"1,882,891,542원",52,"54,314,180원","1,967","1,435,861원","102,959","50,000원","1,699,786","5,000원",11,16,18,19,24,39,43
2017,780,2017.11.11,11,"1,667,520,137원",45,"67,936,006원","1,681","1,818,632원","92,630","50,000원","1,605,516","5,000원",15,17,19,21,27,45,16
2017,779,2017.11.04,11,"1,527,709,296원",66,"42,436,370원","2,503","1,118,978원","114,464","50,000원","1,751,447","5,000원",6,12,19,24,34,41,4
2017,778,2017.10.28,3,"6,264,069,500원",67,"46,746,788원","1,731","1,809,379원","92,126","50,000원","1,575,045","5,000원",6,21,35,36,37,41,11
2017,777,2017.10.21,21,"833,468,036원",66,"44,199,063원","2,413","1,208,926원","111,938","50,000원","1,766,635","5,000원",6,12,17,21,34,37,18
2017,776,2017.10.14,7,"2,557,579,393원",50,"59,676,853원","2,001","1,491,176원","102,081","50,000원","1,687,650","5,000원",8,9,18,21,28,40,20
2017,775,2017.10.07,5,"3,470,437,650원",37,"78,163,011원","1,719","1,682,392원","91,297","50,000원","1,539,325","5,000원",11,12,29,33,38,42,17
2017,774,2017.09.30,11,"1,709,721,512원",60,"52,241,491원","1,956","1,602,500원","101,524","50,000원","1,704,279","5,000원",12,15,18,28,34,42,9
2017,773,2017.09.23,11,"1,609,403,080원",58,"50,871,937원","2,094","1,409,061원","104,474","50,000원","1,690,404","5,000원",8,12,19,21,31,35,44
2017,772,2017.09.16,10,"1,769,608,838원",53,"55,648,077원","2,027","1,455,032원","103,023","50,000원","1,688,350","5,000원",5,6,11,14,21,41,32
2017,771,2017.09.09,4,"4,362,644,907원",49,"59,355,714원","2,054","1,415,984원","102,013","50,000원","1,680,976","5,000원",6,10,17,18,21,29,30
2017,770,2017.09.02,8,"2,163,099,329원",75,"38,455,100원","2,302","1,252,882원","108,450","50,000원","1,717,526","5,000원",1,9,12,23,39,43,34
2017,769,2017.08.26,9,"1,930,760,042원",55,"52,657,093원","1,962","1,476,117원","99,272","50,000원","1,660,799","5,000원",5,7,11,16,41,45,4
2017,768,2017.08.19,13,"1,363,572,260원",53,"55,743,521원","1,849","1,597,841원","93,126","50,000원","1,572,387","5,000원",7,27,29,30,38,44,4
2017,767,2017.08.12,15,"1,163,768,725원",46,"63,248,301원","1,905","1,527,256원","92,437","50,000원","1,549,115","5,000원",5,15,20,31,34,42,22
2017,766,2017.08.05,8,"2,173,637,297원",41,"70,687,392원","1,734","1,671,386원","85,422","50,000원","1,458,764","5,000원",9,30,34,35,39,41,21
2017,765,2017.07.29,15,"1,109,214,250원",54,"51,352,512원","2,121","1,307,419원","101,653","50,000원","1,643,849","5,000원",1,3,8,12,42,43,33
2017,764,2017.07.22,7,"2,459,975,465원",44,"65,226,623원","1,908","1,504,178원","90,896","50,000원","1,530,979","5,000원",7,22,24,31,34,36,15
2017,763,2017.07.15,8,"2,138,130,000원",45,"63,352,000원","2,019","1,412,006원","94,176","50,000원","1,562,106","5,000원",3,8,16,32,34,43,10
2017,762,2017.07.08,10,"1,631,432,063원",53,"51,302,896원","2,044","1,330,261원","103,406","50,000원","1,671,344","5,000원",1,3,12,21,26,41,16
2017,761,2017.07.01,7,"2,392,730,518원",52,"53,683,057원","2,139","1,305,058원","101,503","50,000원","1,660,130","5,000원",4,7,11,24,42,45,30
2017,760,2017.06.24,8,"2,253,299,391원",45,"66,764,427원","1,749","1,717,782원","89,221","50,000원","1,520,831","5,000원",10,22,27,31,42,43,12
2017,759,2017.06.17,6,"3,032,670,500원",44,"68,924,330원","1,761","1,722,130원","88,543","50,000원","1,525,518","5,000원",9,33,36,40,42,43,32
2017,758,2017.06.10,8,"2,078,969,954원",63,"43,999,365원","2,170","1,277,401원","106,121","50,000원","1,680,080","5,000원",5,9,12,30,39,43,24
2017,757,2017.06.03,21,"739,839,858원",68,"38,079,993원","2,657","974,573원","117,353","50,000원","1,788,667","5,000원",6,7,11,17,33,44,1
2017,756,2017.05.27,5,"3,414,434,700원",53,"53,686,081원","1,866","1,524,846원","94,800","50,000원","1,598,715","5,000원",10,14,16,18,27,28,4
2017,755,2017.05.20,8,"2,214,427,266원",54,"54,677,217원","1,845","1,600,309원","89,745","50,000원","1,508,502","5,000원",13,14,26,28,30,36,37
2017,754,2017.05.13,5,"3,427,542,000원",50,"57,125,700원","1,856","1,538,947원","93,279","50,000원","1,573,739","5,000원",2,8,17,24,29,31,32
2017,753,2017.05.06,6,"2,711,105,063원",58,"46,743,191원","1,934","1,401,813원","97,566","50,000원","1,578,072","5,000원",2,17,19,24,37,41,3
2017,752,2017.04.29,9,"1,870,358,834원",75,"37,407,177원","2,036","1,377,966원","102,477","50,000원","1,646,451","5,000원",4,16,20,33,40,43,7
2017,751,2017.04.22,8,"2,097,968,110원",69,"40,540,447원","2,210","1,265,743원","102,632","50,000원","1,651,438","5,000원",3,4,16,20,28,44,17
2017,750,2017.04.15,7,"2,522,104,286원",44,"66,873,978원","1,779","1,653,994원","93,135","50,000원","1,585,532","5,000원",1,2,15,19,24,36,12
2017,749,2017.04.08,13,"1,350,104,395원",64,"45,706,660원","1,985","1,473,666원","95,573","50,000원","1,589,197","5,000원",12,14,24,26,34,45,41
2017,748,2017.04.01,9,"1,928,246,542원",59,"49,023,218원","1,937","1,493,222원","99,448","50,000원","1,652,756","5,000원",3,10,13,22,31,32,29
2017,747,2017.03.25,9,"1,903,214,584원",59,"48,386,812원","2,217","1,287,696원","105,307","50,000원","1,713,003","5,000원",7,9,12,14,23,28,17
2017,746,2017.03.18,9,"2,038,623,709원",58,"52,723,027원","1,904","1,606,059원","94,197","50,000원","1,589,291","5,000원",3,12,33,36,42,45,25
2017,745,2017.03.11,20,"746,822,982원",110,"22,631,000원","3,692","674,272원","141,918","50,000원","1,955,276","5,000원",1,2,3,9,12,23,10
2017,744,2017.03.04,15,"1,155,411,575원",61,"47,352,934원","2,779","1,039,414원","109,229","50,000원","1,636,793","5,000원",10,15,18,21,34,41,43
2017,743,2017.02.25,7,"2,608,641,000원",46,"66,161,185원","1,982","1,535,527원","91,886","50,000원","1,555,362","5,000원",15,19,21,34,41,44,10
2017,742,2017.02.18,16,"1,111,814,813원",44,"67,382,716원","1,986","1,492,870원","98,348","50,000원","1,658,556","5,000원",8,10,13,36,37,40,6
2017,741,2017.02.11,6,"3,043,595,938원",55,"55,338,108원","1,829","1,664,077원","95,007","50,000원","1,619,435","5,000원",5,21,27,34,44,45,16
2017,740,2017.02.04,18,"936,929,792원",43,"65,367,195원","2,447","1,148,668원","115,722","50,000원","1,864,169","5,000원",4,8,9,16,17,19,31
2017,739,2017.01.28,4,"4,744,122,282원",45,"70,283,294원","1,942","1,628,604원","101,983","50,000원","1,719,739","5,000원",7,22,29,33,34,35,30
2017,738,2017.01.21,11,"1,634,191,091원",48,"62,417,021원","1,640","1,826,840원","88,050","50,000원","1,502,685","5,000원",23,27,28,38,42,43,36
2017,737,2017.01.14,4,"4,283,061,000원",48,"59,486,959원","1,937","1,474,122원","94,183","50,000원","1,567,166","5,000원",13,15,18,24,27,41,11
2017,736,2017.01.07,5,"3,397,362,225원",54,"52,428,430원","2,250","1,258,283원","107,357","50,000원","1,747,634","5,000원",2,11,17,18,21,27,6
2016,735,2016.12.31,10,"1,847,231,588원",50,"61,574,387원","2,269","1,356,862원","107,013","50,000원","1,752,740","5,000원",5,10,13,27,37,41,4
2016,734,2016.12.24,9,"1,949,395,500원",36,"81,224,813원","1,758","1,663,307원","92,514","50,000원","1,542,069","5,000원",6,16,37,38,41,45,18
2016,733,2016.12.17,4,"4,016,725,125원",57,"46,979,242원","1,966","1,362,064원","101,369","50,000원","1,633,952","5,000원",11,24,32,33,35,40,13
2016,732,2016.12.10,7,"2,203,270,608원",45,"57,121,831원","2,061","1,247,202원","104,583","50,000원","1,705,993","5,000원",2,4,5,17,27,32,43
2016,731,2016.12.03,7,"2,340,471,054원",45,"60,678,880원","1,908","1,431,106원","96,083","50,000원","1,594,258","5,000원",2,7,13,25,42,45,39
2016,730,2016.11.26,8,"2,017,382,110원",45,"59,774,285원","1,741","1,544,999원","88,791","50,000원","1,501,752","5,000원",4,10,14,15,18,22,39
2016,729,2016.11.19,4,"4,198,250,719원",35,"79,966,681원","1,875","1,492,712원","89,560","50,000원","1,504,682","5,000원",11,17,21,26,36,45,16
2016,728,2016.11.12,5,"3,243,464,400원",56,"48,265,840원","1,869","1,446,168원","94,693","50,000원","1,559,062","5,000원",3,6,10,30,34,37,36
2016,727,2016.11.05,14,"1,115,107,742원",87,"29,907,105원","2,064","1,260,620원","99,271","50,000원","1,600,135","5,000원",7,8,10,19,21,31,20
2016,726,2016.10.29,14,"1,166,872,634원",56,"48,619,694원","2,099","1,297,143원","96,718","50,000원","1,556,425","5,000원",1,11,21,23,34,44,24
2016,725,2016.10.22,11,"1,579,217,250원",47,"61,600,673원","1,795","1,612,943원","88,359","50,000원","1,504,907","5,000원",6,7,19,21,41,43,38
2016,724,2016.10.15,12,"1,427,789,813원",55,"51,919,630원","1,833","1,557,873원","90,083","50,000원","1,528,970","5,000원",2,8,33,35,37,41,14
2016,723,2016.10.08,8,"2,114,365,360원",40,"70,478,846원","1,777","1,586,469원","85,141","50,000원","1,412,967","5,000원",20,30,33,35,36,44,22
2016,722,2016.10.01,4,"4,365,422,719원",46,"63,266,996원","1,688","1,724,101원","84,912","50,000원","1,439,078","5,000원",12,14,21,30,39,43,45
2016,721,2016.09.24,8,"2,273,767,360원",40,"75,792,246원","1,607","1,886,553원","84,770","50,000원","1,464,353","5,000원",1,28,35,41,43,44,31
2016,720,2016.09.17,14,"1,233,770,358원",37,"77,805,338원","1,778","1,619,122원","88,260","50,000원","1,505,233","5,000원",1,12,29,34,36,37,41
2016,719,2016.09.10,9,"1,879,581,334원",58,"48,609,863원","2,020","1,395,729원","99,906","50,000원","1,627,784","5,000원",4,8,13,19,20,43,26
2016,718,2016.09.03,17,"926,166,464원",64,"41,002,162원","2,404","1,091,572원","114,614","50,000원","1,595,315","5,000원",4,11,20,23,32,39,40
2016,717,2016.08.27,6,"2,702,433,688원",47,"57,498,590원","1,974","1,369,015원","96,836","50,000원","1,567,530","5,000원",2,11,19,25,28,32,44
2016,716,2016.08.20,12,"1,358,752,157원",35,"77,642,981원","1,743","1,559,096원","88,628","50,000원","1,469,730","5,000원",2,6,13,16,29,30,21
2016,715,2016.08.13,6,"2,605,510,438원",61,"42,713,286원","1,873","1,391,090원","90,747","50,000원","1,503,174","5,000원",2,7,27,33,41,44,10
2016,714,2016.08.06,7,"2,085,131,733원",46,"52,883,776원","2,029","1,198,943원","96,576","50,000원","1,551,993","5,000원",1,7,22,33,37,40,20
2016,713,2016.07.30,9,"1,714,720,917원",50,"51,441,628원","1,791","1,436,115원","87,920","50,000원","1,470,125","5,000원",2,5,15,18,19,23,44
2016,712,2016.07.23,4,"4,034,485,125원",47,"57,226,740원","1,727","1,557,416원","86,066","50,000원","1,449,521","5,000원",17,20,30,31,33,45,19
2016,711,2016.07.16,7,"2,277,413,358원",44,"60,385,961원","1,865","1,424,656원","89,898","50,000원","1,465,123","5,000원",11,15,24,35,37,45,42
2016,710,2016.07.09,5,"2,895,441,150원",57,"42,331,011원","1,990","1,212,497원","102,058","50,000원","1,627,229","5,000원",3,4,9,24,25,33,10
2016,709,2016.07.02,14,"1,165,271,625원",44,"61,794,708원","1,696","1,603,165원","82,305","50,000원","1,385,853","5,000원",10,18,30,36,39,44,32
2016,708,2016.06.25,4,"4,099,552,219원",52,"52,558,362원","1,712","1,596,399원","86,091","50,000원","1,446,865","5,000원",2,10,16,19,34,45,1
2016,707,2016.06.18,12,"1,322,167,313원",74,"35,734,252원","2,006","1,318,213원","94,281","50,000원","1,507,647","5,000원",2,12,19,24,39,44,35
2016,706,2016.06.11,4,"3,831,746,063원",51,"50,088,184원","2,108","1,211,811원","95,376","50,000원","1,531,393","5,000원",3,4,6,10,28,30,37
2016,705,2016.06.04,4,"3,987,206,532원",49,"54,247,708원","1,805","1,472,653원","87,931","50,000원","1,453,654","5,000원",1,6,17,22,28,45,23
2016,704,2016.05.28,4,"3,865,190,344원",47,"54,825,395원","1,906","1,351,938원","95,021","50,000원","1,519,932","5,000원",1,4,8,23,33,42,45
2016,703,2016.05.21,5,"3,235,784,100원",51,"52,872,290원","1,719","1,568,637원","84,194","50,000원","1,416,580","5,000원",10,28,31,33,41,44,21
2016,702,2016.05.14,11,"1,465,091,387원",46,"58,391,324원","1,819","1,476,636원","88,043","50,000원","1,443,954","5,000원",3,13,16,24,26,29,9
2016,701,2016.05.07,10,"1,583,183,175원",40,"65,965,966원","1,659","1,590,500원","81,917","50,000원","1,404,422","5,000원",3,10,14,16,36,38,35
2016,700,2016.04.30,8,"2,082,099,188원",41,"67,710,543원","1,562","1,777,294원","82,874","50,000원","1,414,076","5,000원",11,23,28,29,30,44,13
2016,699,2016.04.23,8,"1,995,411,375원",50,"53,210,970원","1,799","1,478,905원","90,504","50,000원","1,512,397","5,000원",4,5,8,16,21,29,3
2016,698,2016.04.16,8,"1,921,084,125원",48,"53,363,448원","2,088","1,226,746원","97,965","50,000원","1,550,364","5,000원",3,11,13,21,33,37,18
2016,697,2016.04.09,10,"1,531,443,038원",90,"28,360,057원","1,940","1,315,673원","99,698","50,000원","1,615,786","5,000원",2,5,8,11,33,39,31
2016,696,2016.04.02,10,"1,632,054,413원",44,"61,820,243원","1,721","1,580,530원","90,020","50,000원","1,501,952","5,000원",1,7,16,18,34,38,21
2016,695,2016.03.26,11,"1,450,214,830원",66,"40,283,746원","1,979","1,343,471원","95,436","50,000원","1,558,885","5,000원",4,18,26,33,34,38,14
2016,694,2016.03.19,10,"1,555,036,388원",78,"33,227,274원","2,286","1,133,739원","102,474","50,000원","1,581,822","5,000원",7,15,20,25,33,43,12
2016,693,2016.03.12,10,"1,642,763,813원",43,"63,673,016원","1,692","1,618,168원","87,017","50,000원","1,484,420","5,000원",1,6,11,28,34,42,30
2016,692,2016.03.05,7,"2,301,273,697원",44,"61,018,621원","1,770","1,516,848원","87,763","50,000원","1,465,709","5,000원",3,11,14,15,32,36,44
2016,691,2016.02.27,6,"2,839,296,750원",31,"91,590,218원","1,708","1,662,352원","86,063","50,000원","1,455,528","5,000원",15,27,33,35,43,45,16
2016,690,2016.02.20,15,"1,126,507,625원",34,"82,831,444원","1,772","1,589,317원","87,970","50,000원","1,528,472","5,000원",24,25,33,34,38,39,43
2016,689,2016.02.13,7,"2,321,775,911원",44,"61,562,241원","1,809","1,497,368원","90,296","50,000원","1,509,073","5,000원",7,17,19,30,36,38,34
2016,688,2016.02.06,9,"1,967,536,750원",53,"55,685,003원","2,107","1,400,715원","97,676","50,000원","1,610,713","5,000원",5,15,22,23,34,35,2
2016,687,2016.01.30,6,"2,720,029,313원",38,"71,579,719원","1,780","1,528,107원","91,404","50,000원","1,538,380","5,000원",1,8,10,13,28,42,45
2016,686,2016.01.23,8,"1,937,531,719원",36,"71,760,435원","1,863","1,386,676원","91,027","50,000원","1,483,730","5,000원",7,12,15,24,25,43,13
2016,685,2016.01.16,11,"1,494,367,671원",52,"52,686,040원","1,910","1,434,385원","95,302","50,000원","1,576,169","5,000원",6,7,12,28,38,40,18
2016,684,2016.01.09,9,"1,688,815,709원",62,"40,858,445원","1,968","1,287,208원","98,607","50,000원","1,623,161","5,000원",1,11,15,17,25,39,40
2016,683,2016.01.02,16,"1,010,930,883원",45,"59,907,016원","2,704","996,974원","117,974","50,000원","1,700,964","5,000원",6,13,20,27,28,40,15
2015,682,2015.12.26,4,"4,063,713,563원",56,"48,377,543원","1,851","1,463,611원","87,618","50,000원","1,464,978","5,000원",17,23,27,35,38,43,2
2015,681,2015.12.19,6,"2,696,328,938원",37,"72,873,756원","1,441","1,871,152원","73,062","50,000원","1,282,079","5,000원",21,24,27,29,43,44,7
2015,680,2015.12.12,14,"1,110,570,563원",44,"58,893,894원","1,870","1,385,739원","86,441","50,000원","1,413,980","5,000원",4,10,19,29,32,42,30
2015,679,2015.12.05,5,"2,863,005,600원",54,"44,182,186원","1,829","1,304,450원","91,171","50,000원","1,493,041","5,000원",3,5,7,14,26,34,35
2015,678,2015.11.28,6,"2,288,490,188원",41,"55,816,834원","1,855","1,233,688원","93,305","50,000원","1,494,095","5,000원",4,5,6,12,25,37,45
2015,677,2015.11.21,8,"1,921,114,407원",37,"69,229,348원","1,701","1,505,871원","79,827","50,000원","1,330,115","5,000원",12,15,24,36,41,44,42
2015,676,2015.11.14,8,"1,879,726,500원",63,"39,782,572원","1,665","1,505,287원","83,276","50,000원","1,371,921","5,000원",1,8,17,34,39,45,27
2015,675,2015.11.07,4,"3,514,549,032원",65,"36,046,657원","1,806","1,297,361원","88,118","50,000원","1,415,830","5,000원",1,8,11,15,18,45,7
2015,674,2015.10.31,8,"1,770,565,500원",48,"49,182,375원","1,846","1,278,849원","89,646","50,000원","1,465,031","5,000원",9,10,14,25,27,31,11
2015,673,2015.10.24,10,"1,491,453,300원",35,"71,021,586원","1,864","1,333,560원","88,838","50,000원","1,450,769","5,000원",7,10,17,29,33,44,5
2015,672,2015.10.17,9,"1,754,745,000원",46,"57,219,946원","1,629","1,615,788원","80,167","50,000원","1,341,175","5,000원",8,21,28,31,36,45,43
2015,671,2015.10.10,4,"3,722,322,844원",48,"51,698,929원","1,778","1,395,697원","90,364","50,000원","1,519,963","5,000원",7,9,10,13,31,35,24
2015,670,2015.10.03,12,"1,191,725,219원",39,"61,114,114원","2,145","1,111,166원","92,680","50,000원","1,483,948","5,000원",11,18,26,27,40,41,25
2015,669,2015.09.26,6,"2,708,173,188원",52,"52,080,254원","1,949","1,389,520원","93,078","50,000원","1,531,364","5,000원",7,8,20,29,33,38,9
2015,668,2015.09.19,5,"2,991,158,625원",56,"44,511,290원","1,873","1,330,824원","89,414","50,000원","1,452,289","5,000원",12,14,15,24,27,32,3
2015,667,2015.09.12,7,"2,228,764,393원",40,"65,005,629원","1,543","1,685,176원","81,344","50,000원","1,368,363","5,000원",15,17,25,37,42,43,13
2015,666,2015.09.05,6,"2,396,901,063원",47,"50,997,895원","1,947","1,231,074원","93,631","50,000원","1,493,940","5,000원",2,4,6,11,17,28,16
2015,665,2015.08.29,4,"3,643,230,375원",30,"80,960,675원","1,790","1,356,883원","87,227","50,000원","1,430,205","5,000원",5,6,11,17,38,44,13
2015,664,2015.08.22,10,"1,536,801,338원",44,"58,212,172원","1,530","1,674,076원","77,395","50,000원","1,320,082","5,000원",10,20,33,36,41,44,5
2015,663,2015.08.15,7,"2,080,244,143원",60,"40,449,192원","1,627","1,491,673원","84,092","50,000원","1,386,028","5,000원",3,5,8,19,38,42,20
2015,662,2015.08.08,8,"1,689,733,688원",43,"52,394,844원","1,787","1,260,761원","88,493","50,000원","1,426,759","5,000원",5,6,9,11,15,37,26
2015,661,2015.08.01,8,"1,713,025,547원",63,"36,254,509원","1,830","1,248,107원","87,840","50,000원","1,426,883","5,000원",2,3,12,20,27,38,40
2015,660,2015.07.25,10,"1,421,272,575원",48,"49,349,743원","1,951","1,214,141원","88,247","50,000원","1,408,802","5,000원",4,9,23,33,39,44,14
2015,659,2015.07.18,11,"1,336,604,216원",40,"61,261,027원","1,765","1,388,352원","85,028","50,000원","1,396,789","5,000원",7,18,19,27,29,42,45
2015,658,2015.07.11,9,"1,634,031,375원",38,"64,501,239원","1,678","1,460,696원","82,738","50,000원","1,364,069","5,000원",8,19,25,28,32,36,37
2015,657,2015.07.04,9,"1,694,762,792원",52,"48,887,389원","1,562","1,627,494원","78,396","50,000원","1,325,593","5,000원",10,14,19,39,40,43,23
2015,656,2015.06.27,2,"7,330,002,750원",48,"50,902,797원","1,747","1,398,589원","83,772","50,000원","1,385,757","5,000원",3,7,14,16,31,40,39
2015,655,2015.06.20,9,"1,661,439,625원",41,"60,784,377원","1,610","1,547,926원","77,437","50,000원","1,281,655","5,000원",7,37,38,39,40,44,18
2015,654,2015.06.13,8,"1,879,301,391원",69,"36,315,003원","1,787","1,402,203원","77,788","50,000원","1,282,725","5,000원",16,21,26,31,36,43,6
2015,653,2015.06.06,14,"980,958,670원",56,"40,873,278원","1,997","1,146,172원","88,995","50,000원","1,419,408","5,000원",5,6,26,27,38,39,1
2015,652,2015.05.30,5,"3,003,483,525원",36,"69,525,082원","1,504","1,664,165원","75,739","50,000원","1,280,663","5,000원",3,13,15,40,41,44,20
2015,651,2015.05.23,8,"1,855,306,454원",35,"70,678,342원","1,684","1,468,968원","82,567","50,000원","1,365,832","5,000원",11,12,16,26,29,44,18
2015,650,2015.05.16,5,"2,849,298,900원",45,"52,764,795원","1,814","1,308,940원","87,030","50,000원","1,429,743","5,000원",3,4,7,11,31,41,35
2015,649,2015.05.09,5,"2,948,042,100원",45,"54,593,373원","1,689","1,454,531원","80,347","50,000원","1,313,125","5,000원",3,21,22,33,41,42,20
2015,648,2015.05.02,7,"2,120,987,947원",45,"54,988,577원","1,631","1,517,159원","80,986","50,000원","1,318,403","5,000원",13,19,28,37,38,43,4
2015,647,2015.04.25,7,"2,189,725,608원",44,"58,060,907원","1,596","1,600,677원","79,202","50,000원","1,351,926","5,000원",5,16,21,23,24,30,29
2015,646,2015.04.18,7,"2,215,498,393원",36,"71,798,560원","1,522","1,698,258원","77,400","50,000원","1,321,212","5,000원",2,9,24,41,43,45,30
2015,645,2015.04.11,4,"3,696,297,750원",28,"88,007,090원","1,766","1,395,356원","87,873","50,000원","1,444,728","5,000원",1,4,16,26,40,41,31
2015,644,2015.04.04,8,"1,831,451,204원",49,"49,835,407원","1,879","1,299,593원","87,582","50,000원","1,401,744","5,000원",5,13,17,23,28,36,8
2015,643,2015.03.28,6,"2,535,763,625원",43,"58,971,248원","1,525","1,662,796원","84,656","50,000원","1,407,225","5,000원",15,24,31,32,33,40,13
2015,642,2015.03.21,12,"1,251,460,438원",62,"40,369,692원","1,815","1,379,020원","88,406","50,000원","1,465,689","5,000원",8,17,18,24,39,45,32
2015,641,2015.03.14,8,"1,990,074,563원",50,"53,068,655원","1,565","1,695,485원","79,145","50,000원","1,340,371","5,000원",11,18,21,36,37,43,12
2015,640,2015.03.07,9,"1,728,768,834원",48,"54,024,027원","1,639","1,582,156원","85,410","50,000원","1,404,905","5,000원",14,15,18,21,26,35,23
2015,639,2015.02.28,4,"4,061,185,219원",45,"60,165,707원","1,628","1,663,058원","84,861","50,000원","1,439,719","5,000원",6,15,22,23,25,32,40
2015,638,2015.02.21,7,"2,229,403,179원",41,"63,438,302원","1,719","1,513,072원","84,781","50,000원","1,422,596","5,000원",7,18,22,24,31,34,6
2015,637,2015.02.14,4,"3,899,241,094원",45,"57,766,535원","1,637","1,587,963원","82,147","50,000원","1,369,826","5,000원",3,16,22,37,38,44,23
2015,636,2015.02.07,8,"1,832,362,219원",44,"55,526,128원","1,973","1,238,292원","90,830","50,000원","1,461,300","5,000원",6,7,15,16,20,31,26
2015,635,2015.01.31,8,"1,855,587,235원",35,"70,689,038원","1,650","1,499,465원","85,675","50,000원","1,427,626","5,000원",11,13,25,26,29,33,32
2015,634,2015.01.24,13,"1,077,935,106원",54,"43,250,483원","2,208","1,057,757원","101,514","50,000원","1,562,975","5,000원",4,10,11,12,20,27,38
2015,633,2015.01.17,12,"1,217,257,094원",47,"51,798,175원","1,789","1,360,825원","87,613","50,000원","1,430,227","5,000원",9,12,19,20,39,41,13
2015,632,2015.01.10,11,"1,432,587,716원",52,"50,507,901원","1,645","1,596,603원","78,418","50,000원","1,320,223","5,000원",15,18,21,32,35,44,6
2015,631,2015.01.03,4,"3,919,853,532원",46,"56,809,472원","1,676","1,559,210원","85,710","50,000원","1,491,785","5,000원",1,2,4,23,31,34,8
2014,630,2014.12.27,3,"4,836,305,500원",48,"50,378,183원","1,631","1,482,620원","84,380","50,000원","1,420,745","5,000원",8,17,21,24,27,31,15
2014,629,2014.12.20,5,"2,919,433,575원",34,"71,554,745원","1,321","1,841,682원","68,554","50,000원","1,183,752","5,000원",19,28,31,38,43,44,1
2014,628,2014.12.13,9,"1,499,942,875원",37,"60,808,495원","1,628","1,382,012원","80,147","50,000원","1,323,978","5,000원",1,7,12,15,23,42,11
2014,627,2014.12.06,10,"1,352,230,650원",35,"64,391,936원","1,532","1,471,096원","74,824","50,000원","1,243,945","5,000원",2,9,22,25,31,45,12
2014,626,2014.11.29,8,"1,717,871,110원",45,"50,899,885원","1,766","1,296,996원","86,261","50,000원","1,371,217","5,000원",13,14,26,33,40,43,15
2014,625,2014.11.22,5,"2,765,184,675원",45,"51,207,124원","1,654","1,393,181원","82,014","50,000원","1,354,445","5,000원",3,6,7,20,21,39,13
2014,624,2014.11.15,5,"2,763,729,450원",61,"37,755,867원","1,574","1,463,220원","78,840","50,000원","1,309,900","5,000원",1,7,19,26,27,35,16
2014,623,2014.11.08,8,"1,813,702,594원",35,"69,093,433원","1,456","1,660,900원","73,522","50,000원","1,245,962","5,000원",7,13,30,39,41,45,25
2014,622,2014.11.01,9,"1,630,598,292원",34,"71,938,160원","1,629","1,501,472원","77,626","50,000원","1,270,437","5,000원",9,15,16,21,28,34,24
2014,621,2014.10.25,6,"2,359,723,500원",62,"38,060,057원","1,555","1,517,508원","82,843","50,000원","1,336,734","5,000원",1,2,6,16,19,42,9
2014,620,2014.10.18,7,"2,028,283,233원",44,"53,780,238원","1,661","1,424,643원","78,155","50,000원","1,266,599","5,000원",2,16,17,32,39,45,40
2014,619,2014.10.11,3,"4,612,479,375원",59,"39,088,809원","1,712","1,347,103원","83,710","50,000원","1,355,209","5,000원",6,8,13,30,35,40,21
2014,618,2014.10.04,5,"2,881,326,225원",45,"53,357,894원","1,581","1,518,726원","75,243","50,000원","1,260,882","5,000원",8,16,25,30,42,43,15
2014,617,2014.09.27,8,"1,629,701,860원",43,"50,533,391원","1,993","1,090,284원","93,731","50,000원","1,481,805","5,000원",4,5,11,12,24,27,28
2014,616,2014.09.20,9,"1,611,811,250원",49,"49,341,161원","1,700","1,422,187원","81,118","50,000원","1,350,809","5,000원",5,13,18,23,40,45,3
2014,615,2014.09.13,9,"1,535,062,417원",31,"74,277,214원","1,670","1,378,799원","83,981","50,000원","1,383,278","5,000원",10,17,18,19,23,27,35
2014,614,2014.09.06,6,"2,540,975,438원",46,"55,238,597원","1,523","1,668,402원","80,393","50,000원","1,360,707","5,000원",8,21,25,39,40,44,18
2014,613,2014.08.30,9,"1,549,831,209원",30,"77,491,561원","1,538","1,511,539원","77,945","50,000원","1,299,580","5,000원",7,8,11,16,41,44,35
2014,612,2014.08.23,11,"1,181,705,250원",59,"36,719,655원","1,833","1,181,921원","86,228","50,000원","1,364,516","5,000원",6,9,18,19,25,33,40
2014,611,2014.08.16,4,"3,502,706,157원",47,"49,683,776원","1,486","1,571,425원","74,589","50,000원","1,258,998","5,000원",2,22,27,33,36,37,14
2014,610,2014.08.09,4,"3,516,018,375원",34,"68,941,537원","1,398","1,676,690원","71,718","50,000원","1,218,676","5,000원",14,18,20,23,28,36,33
2014,609,2014.08.02,2,"6,339,311,438원",47,"44,959,656원","1,621","1,303,581원","80,472","50,000원","1,300,134","5,000원",4,8,27,34,39,40,13
2014,608,2014.07.26,7,"1,943,530,018원",32,"70,857,866원","1,516","1,495,681원","74,353","50,000원","1,243,159","5,000원",4,8,18,19,39,44,41
2014,607,2014.07.19,4,"3,494,480,907원",35,"66,561,542원","1,448","1,608,878원","73,277","50,000원","1,220,405","5,000원",8,14,23,36,38,39,13
2014,606,2014.07.12,10,"1,311,566,850원",44,"49,680,563원","1,542","1,417,604원","82,879","50,000원","1,366,588","5,000원",1,5,6,14,20,39,22
2014,605,2014.07.05,9,"1,394,232,250원",40,"52,283,710원","2,286","914,851원","92,980","50,000원","1,386,335","5,000원",1,2,7,9,10,38,42
2014,604,2014.06.28,11,"1,229,141,557원",36,"62,595,172원","1,451","1,553,016원","75,476","50,000원","1,266,398","5,000원",2,6,18,21,33,34,30
2014,603,2014.06.21,4,"3,452,136,563원",30,"76,714,146원","1,363","1,688,500원","71,799","50,000원","1,227,396","5,000원",2,19,25,26,27,43,28
2014,602,2014.06.14,8,"1,689,530,860원",42,"53,635,901원","1,675","1,344,901원","77,026","50,000원","1,251,693","5,000원",13,14,22,27,30,38,2
2014,601,2014.06.07,9,"1,524,565,209원",28,"81,673,137원","1,516","1,508,475원","72,233","50,000원","1,205,559","5,000원",2,16,19,31,34,35,37
